Workbook
Name _0x04_ReportDTCSnapshotRecordByDTCNumber_0x04_通过DTC报告Snapshot的记录: #REF!
Name _0x04_ReportDTCSnapshotRecordByDTCNumber_0x04_通过DTC报告Snapshot的记录: Services!$D$40
Name _0x06_ReportDTCExtendedDataRecordByDTCNumber_0x06_通过DTC报告扩展数据记录: #REF!
Name _0x06_ReportDTCExtendedDataRecordByDTCNumber_0x06_通过DTC报告扩展数据记录: Services!$D$41
Name _0x14: #REF!
Name _0x14: Services!$A$44
Name _0x22: #REF!
Name _0x22: Services!$A$30
Name _0x23: #REF!
Name _0x23: Services!$A$32
Name _0x27: #REF!
Name _0x27: Services!$A$12
Name _0x28: #REF!
Name _0x28: Services!$A$24
Name _0x2A: #REF!
Name _0x2A: Services!$A$34
Name _0x2E: #REF!
Name _0x2E: Services!$A$31
Name _0x2F: #REF!
Name _0x2F: Services!$A$45
Name _0x31: #REF!
Name _0x31: Services!$A$46
Name _0x3D: #REF!
Name _0x3D: Services!$A$33
Name Support_Customized_NRC_支持的自定义否定响应码: #REF!
Name Support_Customized_NRC_支持的自定义否定响应码: Services!$L$6

Sheet DTCInfo
A1: Return
A2: Diagnostic Questionnaire - GroupOfDTC
A5: Service ID | B5: DTC Group(hex) | C5: Group Description | D5: Supported by ECU | E5: Remarks | F5: FVT Require
A7: 0x14 | B7: 0xFFFF33 | C7: Emissions-related systems | D7: N | F7: U
B8: 0x100000 | C8: Powertrain group | D8: N | F8: U
B9: 0x400000 | C9: Chassis group | D9: N | F9: U
B10: 0x800000 | C10: Body group | D10: N | F10: U
B11: 0xC00000 | C11: Network communication group | D11: N | F11: U
B12: 0xFFFFFF | C12: All DTC group | D12: Y | F12: M
A14: Diagnostic Questionnaire - DTC Status
A17: Bit Field | B17: Bit Description | C17: Bit State Definition | D17: Supported by ECU | E17: Remarks | F17: FVT Require
A18: 0 | B18: Test failed | C18: 0=False 1=True | D18: Y | F18: M
A19: 1 | B19: Test failed this monitoring cycle | C19: 0=False 1=True | D19: Y | F19: U
A20: 2 | B20: Pending DTC | C20: 0=False 1=True | D20: Y | F20: M
A21: 3 | B21: Confirmed DTC | C21: 0=False 1=True | D21: Y | F21: M
A22: 4 | B22: Test not completed since last clear | C22: 0=False 1=True | D22: N | F22: U
A23: 5 | B23: Test failed since last clear | C23: 0=False 1=True | D23: N | F23: U
A24: 6 | B24: Test not completed this monitoring cycle | C24: 0=False 1=True | D24: Y | F24: U
A25: 7 | B25: Warning indicator requested | C25: 0=False 1=True | D25: N | F25: U

Sheet GeneralInfo
A2: Diagnostic Questionnaire - General information
A5: General information
A6: Car model selection | B6: ECU Information
B7: Name | C7: Value | D7: Unit
A8: OTHER | B8: ECU Name | C8: Fusion ECU
A10: CAN(FD) Information
A11: Name | B11: Value | C11: Unit | D11: FVT Require | E11: FVT Normative Values
A12: Support | B12: NO | C12: ! | D12: M
A13: Protocol | B13: CANFD | D13: M
A14: CAN ID Format | B14: Standard | D14: C
A15: CAN Physical Request ID | B15: 0x680 | D15: M
A16: CAN Functional Request ID | B16: 0x7D0 | D16: M
A17: CAN Response ID | B17: 0x600 | D17: M
A18: N_Cr | B18: 150 | C18: ms | D18: M | E18: 150ms
A19: N_Cs | B19: 100 | C19: ms | D19: M | E19: ≤100ms
A20: N_Br | B20: 100 | C20: ms | D20: M | E20: ≤100ms
A21: N_Bs | B21: 150 | C21: ms | D21: M | E21: 150ms
A22: P2(Client) | C22: ms | D22: C | E22: <150ms
A23: P2*(Client) | C23: ms | D23: C | E23: <5500ms
A24: S3(Client) | C24: ms | D24: C | E24: <2000ms
A25: STmin(Client) | C25: ms | D25: C | E25: 0ms
A26: BlockSize(Client) | D26: C | E26: 0
A27: P2(ECU) | B27: 50 | C27: ms | D27: M | E27: <50ms
A28: P2*(ECU) | B28: 5000 | C28: ms | D28: M | E28: <5000ms
A29: S3(ECU) | B29: 5000 | C29: ms | D29: M | E29: <5000ms
A30: STmin(ECU) | B30: 15 | C30: ms | D30: M | E30: ≤1ms
A31: BlockSize(ECU) | B31: 0 | D31: M | E31: 0
A32: Buffer | B32: 500 | C32: bytes | D32: C
A33: Baudrate | B33: 2000 | C33: kps | D33: M | E33: =IF(GeneralInfo!A8="EBUS","250k","500k") -> 500k
A34: CANFDBaudrate | B34: 64 | C34: kps | D34: M | E34: 2M
A35: CANFD DLC | B35: 64 | D35: C | E35: 8~64
A37: Doip Information
A38: Name | B38: Value | C38: Unit | D38: FVT Require | E38: FVT Normative Values
A39: Support | B39: YES | D39: C
A40: DoIP Logical Tester Address | B40: 0x0E00
A41: DoIP Logical ECU Address | B41: 0x0680
A42: DoIP Logical Functional Address | B42: 0xEFFF
A43: P6 | B43: 1000 | C43: ms
A44: P6* | B44: 5000 | C44: ms
A45: P2(Client) | B45: 2000 | C45: ms
A46: P2*(Client) | B46: 5000 | C46: ms
A47: S3(Client) | B47: 3000 | C47: ms
A48: P2(ECU) | B48: 1000 | C48: ms
A49: P2*(ECU) | B49: 5000 | C49: ms
A50: S3(ECU) | B50: 5000 | C50: ms
A51: Buffer | B51: 16384 | C51: bytes
A53: Security Access Parameter Information
A54: Parameter | B54: Value | C54: Unit | D54: FVT Require | E54: FVT Normative Values
A55: The time from ECU power up to diagnostic communication | B55: 1 | C55: s | D55: U | E55: -
A56: T21：Duration of Delay Timer when exceeded max number of attempts | B56: 60 | C56: s | D56: M | E56: 60
A57: N：max number of continuous fail attempts | B57: 3 | C57: - | D57: M | E57: 3
A59: Other Function Check
A60: Function | B60: Value | C60: Unit | D60: FVT Require
A61: BootLoader | B61: N | C61: - | D61: U
A62: EOL | B62: Y | C62: - | D62: U
A63: Calibration | B63: Y | C63: - | D63: U

Sheet Cover
V1: Commercial vehicle | W1: Y | X1: Unsigned | Y1: Hex | Z1: Request
V2: Passenger Cars | W2: N | X2: Signed | Y2: Decimal | Z2: Response
X3: Hex | Y3: BCD
A4: LOGO | X4: BCD | Y4: ASCII
X5: ASCII
A6: Diagnostic Specificaion | D6: Date: | E6: 2025/04/21
A12: ECU (Module) DATA
A13: ECU Name Acronym | B13: CAN Rx/Tx Ids in Hex | C13: Diagnostic Com. Link | D13: Supplier | E13: ECU Variant
A14: =#REF! -> #REF! | B14: 0x680 | C14: =#REF! -> #REF! | D14: FVT
B15: 0x7D0
B16: 0x600
A17: Diagnostic Specifications | E17: Part Number / Version
A18: [ 1 ] FSE-F00005 Requirement Specification Diagnostic Communication | E18: Part Number: D31L: 29710HA100 D31L24: 29710HA110 D31F25: 29710HA200 D31H: 29710HC100 D21: 29710BA100 Foxtorn Pi: 29710HA110
E19: HW:
E20: SW:

Sheet Introduction
A2: 版本 | B2: 日期 | C2: 作者 | D2: 審查人員 | E2: 狀態 | F2: 修改章節 | G2: 修改說明 | L2: Introduction
A3: A | B3: 2022/02/22 | C3: Yi Jun | D3: David Yu | E3: release | F3: null | G3: 發布初始版本Demo | L3: Cvt | M3: Convention, the parameter conventions described in following table.
B4: 2022/02/25 | C4: Yi Jun | D4: MinHungWang | E4: release | F4: DTCList | G4: 加入counter | L4: Type | M4: Name | O4: Description
B5: 2022/03/14 | C5: Yi Jun | D5: MinHungWang | E5: release | F5: GeneralInfo | G5: 1. Support欄位預設yes，FVT要求為M 2. Protocol為CAN，DLC為8 3. CAN Functional Request ID在Extended下可輸入其他值 | L5: M | M5: Mandatory | O5: The parameter shall be present by ECU
A6: B | B6: 2022/03/17 | C6: Yi Jun | D6: MinHungWang | E6: release | F6: Service | G6: 診斷模式控制0x03，安全問訪級別01刪除 | L6: C | M6: Conditional | O6: The parameter can be present by ECU, based on certain criteria
A7: C | B7: 2022/07/25 | C7: Sam Wei | D7: Sam Tso | E7: release | F7: 1.27Service 2.DTCList 3.Snapshot 4.ExtendedData 5.DIDIList 6.DIDData | G7: 1. 27Service 演算法改為AES-128，SEED/KEY 改為16Bytes 2.DTCList Busoff 內容修正 3.Snapshot範例更新 4.ExtendedData 範例更新 5.DIDList更新(新增多組DID及移除不適用DID) 6.DIDData更新(新增多組DID及移除不適用DID) | L7: U | M7: User option | O7: The parameter may or may not be present, depending on dynamic usage by the user.
A8: D | B8: 2022/10/28 | C8: Fu Wei Huang | D8: Fu Wei Huang | E8: release | F8: 1. GeneralInfo 2. Services 3. 27Service 4. 28Service 5. DTCInfo | G8: 1. 取消Client欄位底色，後續ECU無需填寫此欄位。 2-1. 將各欄位預期填寫內容調整為預設值。 2-2. ISO規範Level為requestSeed之hex值，故修改原L2為L3。 3. 新增key填寫欄位。 4. 將各欄位預期填寫內容調整為預設值。 5. NRC 5. 更新DTC Status的Mandatory項目。
A9: E | B9: 2022/11/03 | C9: Fu Wei Huang | D9: Fu Wei Huang | E9: release | F9: 1. 27Service 2. DIDIList 3. DIDData 4. Bootloader 5. NRC | G9: 1. 欄位A16誤記更正。 2. 新增DID F180。 3. 新增DID F180。 4. 開放空白欄位填寫資訊。 5. 開放供應商填寫自訂義NRC資訊。 | L9: ASC | M9: ASCII Encoded.
A10: F | B10: 2022/12/12 | C10: Fu Wei Huang | D10: Fu Wei Huang | E10: release | F10: 1. Cover 2. Revision 3. GenetalInfo 4. Services 5. 27Service 6. 28Service 7. DTCInfo 8. DTCIList 9. Snapshot 10. ExtendedData 11. DIDIList 12. DIDData 13. 2FServices 14. 31Services 15. 23_3DServices 16. 2AServices | G10: 1. 開放空白欄位填寫資訊、新增欄位E18、E19、E20填寫資訊。 2. 開放空白欄位填寫資訊。 3. 開放空白欄位填寫資訊。 4. 開放空白欄位填寫資訊、欄位K24、K25、K26、K27、F37、F38、F39、F40、F41、F42誤記更正。 5. 開放空白欄位填寫資訊。 6. 開放空白欄位填寫資訊。 7. 開放空白欄位填寫資訊、新增黃底標註。 8. 開放空白欄位填寫資訊、新增黃底標註。 9. 開放空白欄位填寫資訊、新增黃底標註。 10. 開放空白欄位填寫資訊、新增黃底標註。 11. 開放空白欄位填寫資訊、新增黃底標註、更新欄位C7、C8、C12、C14、C15、C16、C17、C21。 12. 開放空白欄位填寫資訊、新增黃底標註、更新Column W、欄位P20、T20、U20、V20、P22、T22、U22、V22。 13. 開放空白欄位填寫資訊、新增黃底標註。 14. 開放空白欄位填寫資訊、新增黃底標註。 15. 開放空白欄位填寫資訊、新增黃底標註。 16. 開放空白欄位填寫資訊、新增黃底標註。 | L10: VSIE | M10: Vehicle Software Integration Engineer
A11: G | B11: 2023/1/5 | C11: Fu Wei Huang | D11: Fu Wei Huang | E11: release | F11: 1. Cover 2. DTCList 3. Snapshot 4. DIDData 5. 2FServices 6. 31Services 7. 23_3DServices 8. Bootloader 9. EOL 10. Calibration | G11: 1. 更新E18、E19、E20填寫資訊。 2. 新增column F、column N、column O、column S、column T、column V、column W。 3-1. 新增A11、A13、B11、B13填寫資訊。 3-2. 更新G12填寫方式。 4. 更新F11、F13、F15、F17、F19、F21、F23、F25、F29填寫方式。 5. 更新I14填寫方式。 6. 更新H11、H12填寫方式。 7. 更新F12、F15、F19、F20填寫方式。 8. 新增燒錄檔格式說明。 9. 新增sheet。 10. 新增sheet。 | L11: BCD | M11: Binary Coded Decimal (Numeric Signal)
A12: H | B12: 2023/1/18 | C12: Fu Wei Huang | D12: Fu Wei Huang | E12: release | F12: 1. Snapshot 2. ExtendedData 3. DIDData 4. 2FServices 5. 31Services 6. 23_3DServices 7. 2AServices | G12: 1-1. 刪除column F、column G；新增column F、column G、column H。 1-2. 更新N10資訊。 2. 刪除column F、column G；新增column F、column G、column H。 3. 刪除column E、column F；新增column E、column F、column G。 4. 刪除column H、column I；新增column H、column I、column J。 5. 刪除column G、column H；新增column G、column H、column I。 6. 刪除column E、column F；新增column E、column F、column G。 7. 刪除column E、column F；新增column E、column F、column G。 | L12: BLN | M12: Boolean
A13: I | B13: 2023/2/3 | C13: Fu Wei Huang | D13: Fu Wei Huang | E13: release | F13: 1. DTCList 2. Snapshot 3. ExtendedData 4. DIDData 5. 2FServices 6. 31Services 7. 23_3DServices 8. 2AServices | G13: 1. 配合JAMA FRS填寫需求， 1-1. 移動column G、column H 、column I、column J、column R、column S、column T、column U、column V。 1-2. 刪除column M、column N、column O、column P、column Q。 1-3. 新增column S、column T、column U、column V、column W、column X、column Y、column Z、column AA、column AB。 2-1. 刪除column G(Bit Length)、column H(Start Bit)；新增column G(MSB bit(Motorola))、column H(LSB bit(Motorola))。 2-2. 欄位”J16”從1調整為0、欄位”K16”從24調整為23。 3. 刪除column G(Bit Length)、column H(Start Bit)；新增column G(MSB bit(Motorola))、column H(LSB bit(Motorola))。 4-1. 刪除column F(Bit Length)、column G(Start Bit)；新增column F(MSB bit(Motorola))、column G(LSB bit(Motorola))。 4-2. 欄位”I33”從1調整為0、欄位”J33”從24調整為23。 4-3. 欄位”B8”新增"自定義DID建議範圍"。 5. 刪除column I(Bit Length)、column J(Start Bit)；新增column I(MSB bit(Motorola))、column J(LSB bit(Motorola))。 6. 刪除column H(Bit Length)、column I(Start Bit)；新增column H(MSB bit(Motorola))、column I(LSB bit(Motorola))。 7. 刪除column F(Bit Length)、column G(Start Bit)；新增column F(MSB bit(Motorola))、column G(LSB bit(Motorola))。 8. 刪除column F(Bit Length)、column G(Start Bit)；新增column F(MSB bit(Motorola))、column G(LSB bit(Motorola))。 | L13: DRE | M13: Design Release Engineer
A14: J | B14: 2023/7/18 | C14: Fu Wei Huang | D14: Fu Wei Huang | E14: release | F14: 1. GeneralInfo 2. Services 3. DTCInfo 4. Snapshot 5. ExtendedData 6. DIDList 7. DIDData 8. 2FService 9. 31Service 10. Bootloader | G14: 1. 新增row 32、row 51註記Buffer。 2. 對應新版FSE"FSE-F00005 Requirement Specification Diagnostic Communication revision D_20230612"， 2-1. 欄位N31、N45、N48、N49、N50調整為M。 2-2. 刪除欄位M21、M23。 2-3. 欄位N21調整為U。 2-4. 欄位C32、C33、C34、C44、C51、E21、E22、E25、E26、E39、E46、E47、G32、I32、J32、J51、K32、K51調整為空白。 3. 欄位D7、D8、D9、D10、D11、D19、D22、D23、D24、D25調整為空白。 4-1. 誤記更正 4-1-1. 欄位G10、G12調整為7。 4-1-2. 欄位H12調整為8。 4-2. 補充欄位N10、N12內容。 5. 補充欄位N10、N12內容。 6. 對應新版FSE"FSE-F00005 Requirement Specification Diagnostic Communication revision D_20230612"， 6-1. 欄位H10調整為M。 6-2. 新增row 22、23。 6-3. 欄位C11、G11、C13、G13調整為空白。 7-1. 誤記更正、對應新版FSE"FSE-F00005 Requirement Specification Diagnostic Communication revision D_20230612"， 7-1-1. 刪除欄位V20、V22；欄位W20、W22調整為01。 7-1-2. 欄位N27調整為 0x0：OFF 0x1：OFF-Charging 0x2：OFF-After-Run 0x3：STANDBY 0x4：ON 0x5：READY 7-1-3. 欄位T36、D10、E11、F11、G11、D16、E17、F17、G17、D18、E19、F19、G19、D24、E25、F25、G25、D36、E37、F37、G37、D38、E39、F39、G39、S36調整為空白。 7-1-4. 新增row 38~43。 7-1-5. 欄位D14調整為146、G15調整為40。 7-1-6. 欄位R10、R36調整為01/03。 7-1-7. 欄位S12、S38、S40、S42調整為02。 7-2. 補充欄位M11、M13、M15、M17、M19、M21、M23、M25、M27、M29內容。 8. 補充欄位P15、P16、P17、P19內容。 9-1. 對應新版FSE"FSE-F00005 Requirement Specification Diagnostic Communication revision D_20230612"， 9-1-1. 移除0x2203，刪除row 18~row 21。 9-1-2. 欄位P14內容調整為 0x01: erase correctly. 0x00: erase incorrectly. 9-1-3. 欄位P17內容調整為 0x01: CRC check correctly. 0x00: CRC check incorrectly. 9-2. 補充欄位O11、O12、O14、O17、O19、O21內容。 10. 對應新版FSE"FSE-F00005 Requirement Specification Diagnostic Communication revision D_20230612"，更新Bootloader流程圖。 | L14: DTC | M14: Diagnostic Trouble Code
A15: K | B15: 2023/8/24 | C15: Fu Wei Huang | D15: Fu Wei Huang | E15: release | F15: 1. Cover 2. Introduction 3. GeneralInfo 4. Services 5. 28Service 6. DTCList 7. Snapshot 8. ExtendedData 9. DIDList 10. DIDData 11. 2FService 12. 31Service 13. 23_3DService 14. 2AService | G15: 1-1. 欄位J6調整為空白。 1-2. 調整欄位A14內容。 1-3. 欄位E14、E15、E16調整為空白。 1-4. 欄位G15、H15、I15、J15調整為空白。 2. 欄位G14誤記更正(7-1-5. 、9-2)。 3-1. 新增A6、A7、A8。 3-2. 調整欄位B8、E33內容。 4. 欄位H8、H10調整為空白。 5. 欄位E7、F7、D8、E8、F8、D9、E9、F9、E10、F10調整為空白。 6. 欄位X8調整為"Same as DTC enable criteria."。 7-1. 刪除column N"Display Radix"。 7-2. column M"Data Type"下拉選項調整為Unsigned、Signed、Hex、BCD、ASCII。 7-3. 新增column O、P內容。 7-4. 調整row10、12內容，依各車型資訊進行填寫。 7-5. 欄位Q9、Q12、Q14調整為M(Signal data refer to message matrix.)。 8-1. 刪除column N"Display Radix"。 8-2. column M"Data Type"下拉選項調整為Unsigned、Signed、Hex、BCD、ASCII。 8-3. 欄位O10、012調整為1。 8-4. 欄位D11調整為"Report number of aging counter"。 8-5. 欄位I12調整為"Aging Counter"。 8-6. "DTC Identifier"調整至column P。 9. 調整欄位G6內容。 10-1. 刪除column M"Display Radix"。 10-2. column L"Data Type"下拉選項調整為Unsigned、Signed、Hex、BCD、ASCII。 10-3. 新增column N、O內容。 10-4. 調整row27、row29內容，依各車型資訊進行填寫。 11-1. 刪除column F"Request and Reponse"。 11-2. 刪除column P"Display Radix"。 11-3. column N"Data Type"下拉選項調整為Unsigned、Signed、Hex、BCD、ASCII。 11-4. 新增column P、Q內容。 11-5. 調整InputOutputControlParameter呈現方式。 11-6. 欄位N18調整為Hex。 11-7. 欄位N19、20、21、22調整為Unsigned。 11-8. 欄位P22調整為1。 12-1. 刪除column O"Display Radix"。 12-2. column N"Data Type"下拉選項調整為Unsigned、Signed、Hex、BCD、ASCII。 12-3. 新增column P、Q內容。 12-4. 新增B13、C13、D13、B16、C16、D16。 12-5. 調整欄位U10、U15內容。 13-1. 刪除column M"Display Radix"。 13-2. column L"Data Type"下拉選項調整為Unsigned、Signed、Hex、BCD、ASCII。 13-3. 新增column N、O內容。 14-1. 刪除column M"Display Radix"。 14-2. column L"Data Type"下拉選項調整為Unsigned、Signed、Hex、BCD、ASCII。 14-3. 新增column N、O內容。
A16: L | B16: 2024/5/16 | C16: Fu Wei Huang | D16: Fu Wei Huang | E16: release | F16: 1. Cover 2. Revision 3. GeneralInfo 4. Services 5. 27Service 6. 28Service 7. DTCInfo 8. DTCList 9. DTCData 10. Snapshot 11. ExtendedData 12. DIDList 13. DIDData 14. 2FService 15. 31Service 16. 23_3DService 17. 2AService 18. Bootloader 19. EOL 20. Calibration 21. NRC 22. OIL | G16: 1. 移除column G~J。 2. 移除中文字體。 3-1. 移除中文字體。 3-2. 參考"FSE-F00005 Requirement Specification - Diagnostic Communication revision E_20240516.docx"，欄位E30調整為"≤1ms"。 3-3. 更新row 55內容。 4-1. 移除中文字體。 4-2. 新增欄位L9、欄位M9內容。 4-3. 更新欄位K21~K23內容。 5-1. 移除中文字體。 5-2. 新增column G~M。 6. 移除中文字體。 7. 移除中文字體。 8. 新增sheet"DTCList" 9. 新增sheet"DTCData" 10-1. 移除中文字體。 10-2. 更新欄位I12、K12、O12內容。 11-1. 移除中文字體。 11-2. 更新欄位C9、Q9、C11、Q11內容。 12-1. 移除中文字體。 12-2. 新增column F~S。 13-1. 移除中文字體。 13-2. 更新欄位H29、J29、N29內容。 14. 移除中文字體。 15-1. 移除中文字體。 15-2. 新增欄位F4、row16內容。 16. 移除中文字體。 17. 移除中文字體。 18-1. 移除中文字體。 18-2. 更新row1內容。 19. 移除中文字體。 20. 移除中文字體。 21. 移除中文字體。 22. 移除中文字體。
A17: M | B17: 2025/2/10 | C17: Sam Tso | D17: Sam Tso | E17: release | F17: 1. Revision 2. GeneralInfo 3. Services 4. DTCInfo 5. DTCData | G17: 1. Revision 1-1. 新增M版履歷 2. GeneralInfo 2-1. 移除Client端時間參數欄位 2-2. 新增ZEVonUDS欄位 3. Services 3-1. 新增0x19 42 ReportWWHOBDDTCByMaskRecord欄位(ZEVonUDS) 4. DTCInfo 4-1. 新增DTC Group 0xFFFF33 Remark(ZEVonUDS) 4-2. 新增DTC Status bit 0,1,2,3,4,6 Remark(ZEVonUDS) 4-3. 新增Diagnostic Questionnaire - DTCFormatIdentifier(ZEVonUDS) 5. DTCData 5-1. DTC Level修改為DTC Severity(ZEVonUDS)

Sheet Revision
A1: v02.23_2025/04/21_R0
A2: Revision Management
A5: Revision | B5: Date | C5: Author | D5: Changes Section | E5: Changes Comments
A6: v1.0 | B6: 2023/01/01 | C6: 陳冠廷 | D6: null | E6: 初版發行
A7: v1.1 | B7: 2023/01/01 | C7: 陳冠廷 | E7: 內容修正
A8: v1.2 | B8: 2023/05/04 | C8: 陳冠廷 | E8: 內容修正
A9: v1.3 | B9: 2023/06/01 | C9: 張晉圖 | D9: ALL | E9: 重新整理
A10: v1.4 | B10: 2023/07/17 | C10: 張晉圖 | D10: DTCList、DIDdata、DIDList、EOL | E10: 內容修正
A11: v1.5 | B11: 2023/07/19 | C11: 張晉圖 | D11: DTCList、DIDdata、DIDList、Calibration、 GeneralInfo、Snapshot、2FService | E11: 內容修正
A12: v1.6 | B12: 2023/07/21 | C12: 張晉圖 | D12: DTCList、DIDdata、DIDList | E12: 內容修正
A13: v1.7 | B13: 2023/07/25 | C13: 張晉圖 | D13: DIDdata、DIDList、Services、27Service、2FService | E13: 內容修正
A14: v1.8 | B14: 2023/07/27 | C14: 張晉圖 | D14: DIDdata、DIDList、Services、EOL、Calibration、 GeneralInfo、 | E14: 內容修正
A15: v1.9 | B15: 2023/07/31 | C15: 張晉圖 | D15: EOL、DTCList | E15: 內容修正
A16: v1.10 | B16: 2023/09/18 | C16: 張晉圖 | D16: DTCList | E16: DTCList: B100903~B100906 誤記訂正
A17: v1.11 | B17: 2023/09/26 | C17: 張晉圖 | D17: GeneralInfo : CANFD DLC: 8 -> 64 | E17: 內容修正
A18: v1.12 | B18: 2023/11/10 | C18: 張晉圖 | D18: DIDdata、DIDList、EOL、 Calibration 27Service: Add security level 5 key GeneralInfo : DoIP Address from 0E80 to 0E00 | E18: 內容修正
A19: v1.13 | B19: 2023/12/14 | C19: 張晉圖 | D19: 31Service (IMU)、 DIDdata、DIDList、EOL、 Calibration 27Service: Add security level 5 key | E19: 1、內容修正 2、採用 K版格式
A20: v1.14 | B20: 2024/2/16 | C20: 張晉圖 | D20: DTCInfo、DTCList、DIDdata、DIDList、 Services、28Service、2FService | E20: 內容修正
... A55: v02.23_2025/04/21_R0 | B55: 2025/04/21 | C55: 張晉圖 | D55: DIDList、DIDData、DTCData | E55: 1. FoxtronPi 誤記訂正 DIDList 0x0202 (WriteRandomNumberDKC) 2. FoxtronPi 刪除 DID : FoxPi_Steering_Ctrl、FoxPi_Shifter_Ctrl (DIDList、DIDData) 3. FoxtronPi 新增 DID : FoxPi_Ctrl_Enable_Switch (DIDList、DIDData) 4. FoxtronPi 更名 DID & 內容新增 : FoxPi_Speed_Ctrl -> FoxPi_Driving_Ctrl (DIDList、DIDData) 5. VND DTCData 內容修正 (DTCData)

Sheet GeneralInfo2
A2: Diagnostic Questionnaire - General information
A5: General information
A6: Name | B6: Value | C6: Remark
A7: ECU Name | B7: Fusion ECU
A8: Car model selection | B8: Passenger Cars
A9: ZEVonUDS | B9: YES | C9: D31F25/D21/D31H
A11: CAN(FD) Information
A12: Name | B12: Value | C12: Unit | D12: FVT Require | E12: FVT Normative Values
A13: Support | B13: NO | C13: ! | D13: M
A14: Protocol | B14: CANFD | D14: M
A15: CAN ID Format | B15: Standard | D15: C
A16: CAN Physical Request ID | B16: 0x680 | D16: M
A17: CAN Functional Request ID | B17: 0x7D0 | D17: M
A18: CAN Response ID | B18: 0x600 | D18: M
A19: N_Cr | B19: 150 | C19: ms | D19: M | E19: 150ms
A20: N_Cs | B20: 100 | C20: ms | D20: M | E20: ≤100ms
A21: N_Br | B21: 100 | C21: ms | D21: M | E21: ≤100ms
A22: N_Bs | B22: 150 | C22: ms | D22: M | E22: 150ms
A23: P2(ECU) | B23: 50 | C23: ms | D23: M | E23: <50ms
A24: P2*(ECU) | B24: 5000 | C24: ms | D24: M | E24: <5000ms
A25: S3(ECU) | B25: 5000 | C25: ms | D25: M | E25: <5000ms
A26: STmin(ECU) | B26: 15 | C26: ms | D26: M | E26: ≤1ms
A27: BlockSize(ECU) | B27: 0 | D27: M | E27: 0
A28: Buffer | B28: 500 | C28: bytes | D28: C
A29: Baudrate | B29: 2000 | C29: kps | D29: M | E29: =IF(GeneralInfo2!B8="Commercial vehicle","250k","500k") -> 500k
A30: CANFDBaudrate | B30: 64 | C30: kps | D30: M | E30: 2M
A31: CANFD DLC | B31: 64 | D31: C | E31: 8~64
A33: Doip Information
A34: Name | B34: Value | C34: Unit | D34: FVT Require | E34: FVT Normative Values
A35: Support | B35: YES | D35: C
A36: DoIP Logical Tester Address | B36: 0x0E00
A37: DoIP Logical ECU Address | B37: 0x0680
A38: DoIP Logical Functional Address | B38: 0xEFFF
A39: P6 | B39: 1000 | C39: ms
A40: P6* | B40: 5000 | C40: ms
A41: P2(ECU) | B41: 1000 | C41: ms
A42: P2*(ECU) | B42: 5000 | C42: ms
A43: S3(ECU) | B43: 5000 | C43: ms
A44: Buffer | B44: 16384 | C44: bytes
A46: Security Access Parameter Information
A47: Parameter | B47: Value | C47: Unit | D47: FVT Require | E47: FVT Normative Values
A48: The time from ECU power up to diagnostic communication | B48: 1 | C48: s | D48: U | E48: -
A49: T21：Duration of Delay Timer when exceeded max number of attempts | B49: 60 | C49: s | D49: M | E49: 60
A50: N：max number of continuous fail attempts | B50: 3 | C50: - | D50: M | E50: 3
A52: Other Function Check
A53: Function | B53: Value | C53: Unit | D53: FVT Require
A54: BootLoader | B54: N | C54: - | D54: U
A55: EOL | B55: Y | C55: - | D55: U
A56: Calibration | B56: Y | C56: - | D56: U

Sheet Services
A2: Diagnostic Questionnaire Diagnostic Services
A6: Service ID | B6: Diagnostic Services Name | C6: Diagnostic Services Supported by ECU | D6: Sub-functions | E6: Sub-function supported by ECU | F6: SPRMB | G6: Application Software Diagnostic Session | H6: Boot Software Diagnostic Session | I6: Security Level | J6: Comm Types | L6: Support Customized NRC | M6: Comments | N6: FVT Require
J7: Phy | K7: Func
A8: 0x10 | B8: DiagnosticSessionControl | C8: Y | D8: 0x01 DefaultSession | E8: Y | F8: Y | G8: 01/03 | H8: N | I8: N | J8: Y | K8: Y | N8: M
D9: 0x02 ProgrammingSession | E9: Y | F9: Y | G9: 03 | H9: N | I9: 01 | J9: Y | K9: Y | N9: M
D10: 0x03 ExtendedDiagnosticSession | E10: Y | F10: Y | G10: 01/03 | H10: N | I10: N | J10: Y | K10: Y | N10: M
N11: U
A12: 0x27 | B12: SecurityAccess | C12: Y | D12: 0x01 requestSeed (Level 1) | E12: Y | F12: N | G12: 03 | H12: N | I12: N | J12: Y | K12: N | N12: M
D13: 0x02 sendKey (Level 1) | E13: Y | F13: N | G13: 03 | H13: N | I13: N | J13: Y | K13: N | N13: M
D14: 0x03 requestSeed (Level 3) | E14: Y | F14: N | G14: 03 | H14: 02 | I14: N | J14: Y | K14: N | N14: M
D15: 0x04 sendKey (Level 3) | E15: Y | F15: N | G15: 03 | H15: 02 | I15: N | J15: Y | K15: N | N15: M
D16: 0x05 requestSeed (Level 5) | E16: Y | F16: N | G16: 03 | H16: N | I16: N | J16: Y | K16: N | N16: U
D17: 0x06 sendKey (Level 5) | E17: Y | F17: N | G17: 03 | H17: N | I17: N | J17: Y | K17: N | N17: U
N18: U
N19: U
A20: 0x3E | B20: TesterPresent | C20: Y | D20: 0x00 ZeroSubFunction | E20: Y | F20: Y | G20: 01/03 | H20: N | I20: N | J20: Y | K20: Y | N20: M
A21: 0x11 | B21: EcuReset | C21: Y | D21: 0x01 HardReset | E21: Y | F21: Y | G21: 03 | H21: N | I21: 01/03 | J21: Y | K21: N | N21: U
D22: 0x02 KeyOffOnReset | E22: N | F22: N | G22: 03 | H22: N | I22: 01/03 | J22: Y | K22: N | N22: U
D23: 0x03 softReset | E23: Y | F23: Y | G23: 03 | H23: N | I23: 01/03 | J23: Y | K23: N | N23: M
A24: 0x28 | B24: CommunicationControl | C24: Y | D24: 0x00 EnableRxAndTx | E24: N | F24: Y | G24: 03 | H24: N | I24: 01 | J24: Y | K24: Y | N24: M
D25: 0x01 EnableRxAndDisableTx | E25: N | F25: Y | G25: 03 | H25: N | I25: 01 | J25: Y | K25: Y | N25: U
D26: 0x02 DisableRxAndEnableTx | E26: N | F26: Y | G26: 03 | H26: N | I26: 01 | J26: Y | K26: Y | N26: U
D27: 0x03 DisableRxAndTx | E27: N | F27: Y | G27: 03 | H27: N | I27: 01 | J27: Y | K27: Y | N27: M
A28: 0x85 | B28: ControlDTCSetting | C28: Y | D28: 0x01 ON | E28: Y | F28: Y | G28: 03 | H28: N | I28: 01 | J28: Y | K28: Y | N28: M
D29: 0x02 OFF | E29: Y | F29: Y | G29: 03 | H29: N | I29: 01 | J29: Y | K29: Y | N29: M
A30: 0x22 | B30: ReadDataByIdentifier | C30: Y | E30: Y | F30: N | G30: 01/03 | H30: N | I30: N | J30: Y | K30: Y | N30: M
A31: 0x2E | B31: WriteDataByIdentifier | C31: Y | E31: Y | F31: N | G31: 03 | H31: N | I31: 03/05 | J31: Y | K31: N | N31: M
A32: 0x23 | B32: ReadMemoryByAddress | C32: N | E32: N | F32: N | G32: N | H32: N | I32: N | J32: N | K32: N | N32: U
A33: 0x3D | B33: WriteMemoryByAddress | C33: N | E33: N | F33: N | G33: N | H33: N | I33: N | J33: N | K33: N | N33: U
A34: 0x2A | B34: ReadDataByPeriodicIdentifier | C34: N | E34: N | F34: N | G34: N | H34: N | I34: N | J34: N | K34: N | N34: U
A35: 0x2C | B35: DynamicallyDefineDataIdentifier 动态定义数据标识符 | C35: N | D35: 0x01 defineByIdentifier 0x01 通过标识符定义 | E35: N | H35: N | I35: N | J35: Y | K35: N
D36: 0x03 clearDynamicallyDefinedDataIdentifier 0x03 清除动态定义数据标识符 | E36: N | H36: N | I36: N | J36: Y | K36: N | N36: M
A37: 0x19 | B37: ReadDTCInformation | C37: Y | D37: 0x01 ReportNumberOfDTCByStatusMask | E37: Y | F37: N | G37: 01/03 | H37: N | I37: N | J37: Y | K37: Y | N37: U
D38: 0x02 ReportDTCByStatusMask | E38: Y | F38: N | G38: 01/03 | H38: N | I38: N | J38: Y | K38: Y | N38: M
D39: 0x03 ReportDTCSnapshotIdentification | E39: N | F39: N | G39: 01/03 | H39: N | I39: N | J39: Y | K39: Y | N39: U
D40: 0x04 ReportDTCSnapshotRecordByDTCNumber | E40: Y | F40: N | G40: 01/03 | H40: N | I40: N | J40: Y | K40: Y | N40: M
D41: 0x06 ReportDTCExtendedDataRecordByDTCNumber | E41: N | F41: N | G41: 01/03 | H41: N | I41: N | J41: Y | K41: Y | N41: U
D42: 0x0A ReportSupportedDTC | E42: Y | F42: N | G42: 01/03 | H42: N | I42: N | J42: Y | K42: Y | N42: M
D43: 0x42 ReportWWHOBDDTCByMaskRecord | E43: Y | F43: N | G43: 01/03 | H43: N | I43: N | J43: Y | K43: Y | N43: ZEVonUDS
A44: 0x14 | B44: ClearDiagnosticInformation | C44: Y | E44: Y | F44: Y | G44: 01/03 | H44: N | I44: N | J44: Y | K44: Y | N44: M
A45: 0x2F | B45: InputOutputControlByIdentifier | C45: N | E45: N | F45: N | G45: 03 | H45: N | I45: 01 | J45: Y | K45: N | N45: U
A46: 0x31 | B46: RoutineControl | C46: Y | D46: 0x01 StartRoutine | E46: Y | F46: N | G46: 03 | H46: N | I46: 01/03 | J46: Y | K46: N | N46: M
D47: 0x02 StopRoutine | E47: Y | F47: N | G47: 03 | H47: N | I47: 01/03 | J47: Y | K47: N | N47: U
D48: 0x03 RequestRoutineResults | E48: Y | F48: N | G48: 03 | H48: N | I48: 01/03 | J48: Y | K48: N | N48: U
A49: 0x34 | B49: RequestDownload | C49: N | E49: N | F49: N | G49: N | H49: N | I49: 03 | J49: N | K49: N | N49: M
A50: 0x36 | B50: TransferData | C50: N | E50: N | F50: N | G50: N | H50: N | I50: 03 | J50: N | K50: N | N50: M
A51: 0x37 | B51: RequestTransferExit | C51: N | E51: N | F51: N | G51: N | H51: N | I51: 03 | J51: N | K51: N | N51: M
A52: 0x38 | B52: RequestFileTransfer | C52: N | E52: N | F52: N | G52: N | H52: N | I52: N | J52: N | K52: N | N52: U
B53: OtherService | N53: U

Sheet 27Service
A1: Return
A2: Diagnostic Questionnaire Seed and Key
A4: Service ID | B4: Diagnostic Services Name | C4: Sub-functions | D4: Seed and Key | F4: Comments | G4: Part number & model
G5: 29710HA100 | H5: 29710HA110 | I5: 29710HA200 | J5: 29710HC100 | K5: 29710BA100 | L5: 29710HA110
D6: Length of the seed | E6: Length of the Key | G6: D31L | H6: D31L24 | I6: D31F25 | J6: D31H | K6: D21 | L6: Foxtorn Pi
A7: 0x27 | B7: SecurityAccess | C7: =IF(Services!D12="","",Services!D12) -> 0x01 requestSeed (Level 1) | D7: 16 | F7: AES-128 ECB mode
C8: =IF(Services!D13="","",Services!D13) -> 0x02 sendKey (Level 1) | E8: 16
C9: =IF(Services!D14="","",Services!D14) -> 0x03 requestSeed (Level 3) | D9: 16 | F9: AES-128 ECB mode
C10: =IF(Services!D15="","",Services!D15) -> 0x04 sendKey (Level 3) | E10: 16
C11: =IF(Services!D16="","",Services!D16) -> 0x05 requestSeed (Level 5)
C12: =IF(Services!D17="","",Services!D17) -> 0x06 sendKey (Level 5)
C13: =IF(Services!D18="","",Services!D18)
C14: =IF(Services!D19="","",Services!D19)
A15: Level 1 key | G15: 24 43 26 46 29 4A 40 4E 63 52 66 55 6A 58 6E 32 | H15: D2 E3 99 BB C7 AF 8C C0 3A 3C 16 1A 22 DB 85 29 | I15: E2 D4 54 1D 55 58 31 17 D9 45 BE 46 B2 47 0C F9 | J15: B7 68 D9 63 24 75 F2 99 8C B6 BC AC D7 B7 D4 62 | K15: 0A 8A 26 4E 7B B1 A9 3B D5 ED CE 90 E0 18 C7 D5 | L15: A8 AB 5F 37 72 3A F4 D2 2B BC 7F 47 D8 0F 8E 39
A16: Level 3 key | G16: 6B 58 70 32 73 35 76 38 78 2F 41 3F 44 28 47 2B | H16: 01 B8 4D CB 8B 90 1B 4E 9D 57 8F E1 C0 FD C7 0E | I16: D6 15 93 0B 8A E0 6A 88 CF CB 85 92 29 4E 92 E7 | J16: A7 CC F5 E7 1C 8F 8F 5F 1B E5 A8 ED DC 73 83 B1 | K16: 22 23 6E 27 96 55 E5 7D D0 60 A4 29 2B 8F 0A 71 | L16: 8D A7 6F A3 94 11 62 4E 44 8D 24 03 F8 F3 4E D5
A17: Level 5 key | G17: 8F 65 E8 2F F6 5F 69 49 20 A1 A1 EF AB BF 2F E0 | H17: D9 39 BD 42 AF 53 4D 58 3D F3 F6 EA 57 9E DA DE | I17: DE 4F 51 E0 39 68 81 24 E0 12 8F E7 19 4D F3 F7 | J17: 1F 34 DD 55 C9 C7 1B 68 16 F9 CF FB 93 B7 AB 40 | K17: 6F 3B 53 4E 76 45 C0 7F 93 3F 84 FB 2D 89 B9 B1 | L17: 74 ED B0 45 DC BB CF 1F E5 53 B5 3B CF 46 46 91

Sheet 28Service
A1: Return
A2: Diagnostic Questionnaire Communication Contorl Type
A5: Service ID | B5: Diagnostic Services Name | C5: Sub-functions | D5: Communication Contorl Type | G5: Comments
D6: NCM 0x01 | E6: NMCM 0x02 | F6: NCM_NMCM 0x03
A7: 0x28 | B7: CommunicationControl | C7: 0x00 EnableRxAndTx | D7: Y | E7: Y | F7: Y
C8: 0x01 EnableRxAndDisableTx
C9: 0x02 DisableRxAndEnableTx
C10: 0x03 DisableRxAndTx | D10: Y | E10: Y | F10: Y

Sheet DTCInfo2
A1: Return
A2: Diagnostic Questionnaire - GroupOfDTC
A5: Service ID | B5: DTC Group(hex) | C5: Group Description | D5: Supported by ECU | E5: Remarks | F5: FVT Require
A7: 0x14 | B7: 0xFFFF33 | C7: Emissions-related systems | D7: Y | F7: ZEVonUDS
B8: 0x100000 | C8: Powertrain group | D8: N | F8: U
B9: 0x400000 | C9: Chassis group | D9: N | F9: U
B10: 0x800000 | C10: Body group | D10: N | F10: U
B11: 0xC00000 | C11: Network communication group | D11: N | F11: U
B12: 0xFFFFFF | C12: All DTC group | D12: Y | F12: M
A14: Diagnostic Questionnaire - DTC Status
A17: Bit Field | B17: Bit Description | C17: Bit State Definition | D17: Supported by ECU | E17: Remarks | F17: FVT Require
A18: 0 | B18: Test failed | C18: 0=False 1=True | D18: Y | F18: M | G18: ZEVonUDS
A19: 1 | B19: Test failed this monitoring cycle | C19: 0=False 1=True | D19: Y | F19: ZEVonUDS
A20: 2 | B20: Pending DTC | C20: 0=False 1=True | D20: Y | F20: M | G20: ZEVonUDS
A21: 3 | B21: Confirmed DTC | C21: 0=False 1=True | D21: Y | F21: M | G21: ZEVonUDS
A22: 4 | B22: Test not completed since last clear | C22: 0=False 1=True | D22: Y | F22: ZEVonUDS
A23: 5 | B23: Test failed since last clear | C23: 0=False 1=True | D23: N | F23: U
A24: 6 | B24: Test not completed this monitoring cycle | C24: 0=False 1=True | D24: Y | F24: ZEVonUDS
A25: 7 | B25: Warning indicator requested | C25: 0=False 1=True | D25: N | F25: U
A27: Diagnostic Questionnaire - DTCFormatIdentifier
A28: An ECU shall only support one DTCFormat, i.e., all DTCs in an ECU shall utilize the same DTCFormat.
A30: Byte value | B30: Definition | C30: Description | D30: Supported by ECU | E30: Remarks | F30: FVT Require
A31: 0x01 | B31: ISO_14229-1_DTCForma | C31: This parameter value identifies the DTC format reported by the server as defined in this table by the parameter DTCAndStatusRecord. | D31: N | F31: M
A32: 0x04 | B32: SAE_J2012-DA_DTCFormat_04 | C32: This parameter value identifies the DTC format reported by the server as defined in SAE J2012-DA specification. | D32: Y | F32: ZEVonUDS

Sheet DTCList
A2: Diagnostic Questionnaire - DTC List
A5: DTC Display | B5: DTC Byte (Hex) | C5: DTC Meaning | D5: FVT Require | E5: Diagnostic Tool Normal mode | F5: Diagnostic Tool Engineer mode | G5: Part number & model
G6: D31L | H6: D31L24 | I6: D31F25 | J6: D31H | K6: D21 | L6: Foxtorn Pi | AA6: Functional classification 功能分类
A7: U100901 | B7: 0xD00901 | C7: Lost Communication with EPS | E7: N | F7: N | G7: N | H7: N | I7: N | J7: N | K7: N | L7: N | AA7: APS
A8: U100902 | B8: 0xD00902 | C8: Lost Communication with ESC | E8: N | F8: N | G8: N | H8: N | I8: N | J8: N | K8: N | L8: N | AA8: APS
A9: B100903 | B9: 0x900903 | C9: Battery Voltage too High | E9: N | F9: N | G9: N | H9: N | I9: N | J9: N | K9: N | L9: N | AA9: APS
A10: B100904 | B10: 0x900904 | C10: Battery Voltage too Low | E10: N | F10: N | G10: N | H10: N | I10: N | J10: N | K10: N | L10: N | AA10: APS
A11: B100905 | B11: 0x900905 | C11: Battery Voltage too High | E11: N | F11: N | G11: N | H11: N | I11: N | J11: N | K11: N | L11: N | AA11: APS
A12: B100906 | B12: 0x900906 | C12: Battery Voltage too Low | E12: N | F12: N | G12: N | H12: N | I12: N | J12: N | K12: N | L12: N | AA12: APS
A13: B100907 | B13: 0x900907 | C13: DSI3 Transceiver 1 Failure | E13: N | F13: N | G13: N | H13: N | I13: N | J13: N | K13: N | L13: N | AA13: APS
A14: B100908 | B14: 0x900908 | C14: DSI3 Transceiver 2 Failure | E14: N | F14: N | G14: N | H14: N | I14: N | J14: N | K14: N | L14: N | AA14: APS
A15: B100909 | B15: 0x900909 | C15: FCL USS Status Failure | E15: Y | F15: Y | G15: Y | H15: Y | I15: Y | J15: Y | K15: Y | L15: Y | AA15: APS
A16: B10090A | B16: 0x90090A | C16: FML USS Status Failure | E16: Y | F16: Y | G16: Y | H16: Y | I16: Y | J16: Y | K16: Y | L16: Y | AA16: APS
A17: B10090B | B17: 0x90090B | C17: FMR USS Status Failure | E17: Y | F17: Y | G17: Y | H17: Y | I17: Y | J17: Y | K17: Y | L17: Y | AA17: APS
A18: B10090C | B18: 0x90090C | C18: FCR USS Status Failure | E18: Y | F18: Y | G18: Y | H18: Y | I18: Y | J18: Y | K18: Y | L18: Y | AA18: APS
... A108: B10053D | B108: 0x90053D | C108: Charging pile emergency stop | E108: Y | F108: Y | G108: Y | H108: Y | I108: Y | J108: Y | K108: Y | L108: Y | AA108: EVCC
A109: U100300 | B109: 0xD00300 | C109: CAN 1 bus off failure | D109: M | E109: Y | F109: Y | G109: Y | H109: Y | I109: N | J109: N | K109: N | L109: Y | AA109: FD-M
A110: U100301 | B110: 0xD00301 | C110: CAN 2 bus off failure | E110: Y | F110: Y | G110: Y | H110: Y | I110: N | J110: N | K110: N | L110: Y | AA110: FD-M
A111: U100302 | B111: 0xD00302 | C111: CAN 3 bus off failure | E111: Y | F111: Y | G111: Y | H111: Y | I111: N | J111: N | K111: N | L111: Y | AA111: FD-M
A112: U100303 | B112: 0xD00303 | C112: CAN 4 bus off failure | E112: Y | F112: Y | G112: Y | H112: Y | I112: N | J112: N | K112: N | L112: Y | AA112: FD-M
A113: U100304 | B113: 0xD00304 | C113: CAN 5 bus off failure | E113: Y | F113: Y | G113: Y | H113: Y | I113: N | J113: N | K113: N | L113: Y | AA113: FD-M
A114: U100305 | B114: 0xD00305 | C114: CAN 6 bus off failure | E114: Y | F114: Y | G114: N | H114: Y | I114: N | J114: N | K114: N | L114: Y | AA114: FD-M
A115: U100306 | B115: 0xD00306 | C115: CAN GBDC bus off failure | E115: Y | F115: Y | G115: Y | H115: Y | I115: N | J115: N | K115: N | L115: Y | AA115: FD-M
A116: B100307 | B116: 0x900307 | C116: Battery Voltage too High | E116: Y | F116: Y | G116: Y | H116: Y | I116: Y | J116: Y | K116: Y | L116: Y | AA116: FD-M
A117: B100308 | B117: 0x900308 | C117: Battery Voltage too Low | E117: Y | F117: Y | G117: Y | H117: Y | I117: Y | J117: Y | K117: Y | L117: Y | AA117: FD-M
A118: B100E01 | B118: 0x900E01 | C118: FDC fail safe reset | E118: Y | F118: Y | G118: Y | H118: Y | I118: Y | J118: Y | K118: Y | L118: Y | AA118: FD-M
A119: B100E02 | B119: 0x900E02 | C119: FDC unknow boot reason | E119: Y | F119: Y | G119: Y | H119: Y | I119: Y | J119: Y | K119: Y | L119: Y | AA119: FD-M
A120: B100E03 | B120: 0x900E03 | C120: FDC cold start | E120: Y | F120: Y | G120: Y | H120: Y | I120: Y | J120: Y | K120: Y | L120: Y | AA120: FD-M
A121: B100E04 | B121: 0x900E04 | C121: FDC standby timer wake-up | E121: Y | F121: Y | G121: Y | H121: Y | I121: Y | J121: Y | K121: Y | L121: Y | AA121: FD-M
... A382: U079687 | B382: 0xC79687 | C382: Invalid Data Received From AC/DC Converter Control Module "A" - Missing Message | E382: Y | F382: Y | G382: N | H382: N | I382: Y | J382: Y | K382: Y | L382: N | AA382: ZEV

Sheet DTCData
A2: Diagnostic Specification - DTC Data
A5: No. | B5: ECU Variants | F5: DTC Display | G5: DTC Byte (Hex) | H5: DTC Meaning | I5: DTC Traditional Chinese Meaning | J5: DTC Simplified Chinese Meaning | K5: Possible Fault Causes(English) | L5: Possible Fault Causes(Traditional Chinese) | M5: Possible Fault Causes(Simplified Chinese) | N5: Corrective Action(English) | O5: Corrective Action(Traditional Chinese) | P5: Corrective Action(Simplified Chinese) | Q5: DTC Severity | R5: Faults Attribute | S5: DTC Test Frequency | T5: FRS Bit0 DTC-Detection criteria | U5: FRS Bit0 DTC-Detection window | V5: FRS Bit3 DTC-decision | W5: FRS Bit0 DTC-Pass criteria | X5: FRS Bit0 DTC-Pass window | Y5: FRS Fail safe operation during failure detection | Z5: FRS Fail safe operation after failure decision | AA5: FRS -Release condition during failure detection | AB5: FRS Release condition after failure decision | AC5: Bit3 DTC-Confirm Automatic Fault Recovery | AD5: Special Instruction | AE5: Remarks | AF5: FVT Require | BA5: DCU
E6: Fusion ECU | T6: DTC-Test fail Condition | U6: DTC enable criteria | V6: DTC-Confirmed Condition | W6: DTC-Test pass condition | X6: DTC-Test pass enable criteria | Y6: Action Taken after DTC-Test fail | Z6: Action Taken after DTC-Confirm | AA6: Action Release condition for DTC-Test fail | AB6: Action Release condition for DTC-Confirm | BA6: Functional classification 功能分类 | BB6: Operation cycle | BC6: Failure counter threshold | BD6: Aging counter threshold | BE6: CARB ZEV | BF6: J2012
A7: 1 | E7: N | F7: U100901 | G7: 0xD00901 | H7: Lost Communication with EPS | I7: 與 EPS 失去通訊 | J7: 与 EPS 失去通讯 | K7: 1. CAN_H short to CAN_L 2. CAN_H or CAN_L short to Battery or Ground. 3. Transceiver fail | L7: 1. CAN_H短接CAN_L 2. CAN_H 或 CAN_L 對電池或接地短路。 3. | M7: 1. CAN_H短接CAN_L 2. CAN_H 或 CAN_L 对电池或接地短路。 3. | N7: Check Harness | O7: 檢查線束 | P7: 检查线束 | Q7: 0x40 | R7: Communication type fault | S7: 10ms | T7: Lost Communication with EPS over TBD sec | U7: After vehicle power state ~= OFF | V7: Lost Communication with EPS over TBD sec | W7: Receive EPS Any Frame | X7: Same as detection window. | Y7: Inhibit APS Function | Z7: Inhibit APS Function | AA7: Receive EPS Any Frame | AB7: Receive EPS Any Frame | AC7: A history DTC clears when the module operation cycle counter reaches the reset threshold of 40, without a repeat of the malfunction. | AD7: none | BA7: APS | BB7: DRIVING_CYCLE | BC7: 1 | BD7: 40 | BE7: N | BF7: Manufacturer controlled
A8: 2 | E8: N | F8: U100902 | G8: 0xD00902 | H8: Lost Communication with ESC | I8: 與 ESC 失去通訊 | J8: 与 ESC 失去通讯 | K8: 1. CAN_H short to CAN_L 2. CAN_H or CAN_L short to Battery or Ground. 3. Transceiver fail | L8: 1. CAN_H短接CAN_L 2. CAN_H 或 CAN_L 對電池或接地短路。 3. | M8: 1. CAN_H短接CAN_L 2. CAN_H 或 CAN_L 对电池或接地短路。 3. | N8: Check Harness | O8: 檢查線束 | P8: 检查线束 | Q8: 0x40 | R8: Communication type fault | S8: 10ms | T8: Lost Communication with ESC over TBD sec | U8: Power ON | V8: Lost Communication with ESC over TBD sec | W8: Receive ESC Any Frame | X8: Power ON | Y8: Inhibit APS Function | Z8: Inhibit APS Function | AA8: Receive ESC Any Frame | AB8: Receive ESC Any Frame | AC8: A history DTC clears when the module operation cycle counter reaches the reset threshold of 40, without a repeat of the malfunction. | AD8: none | BA8: APS | BB8: DRIVING_CYCLE | BC8: 1 | BD8: 40 | BE8: N | BF8: Manufacturer controlled
A9: 3 | E9: N | F9: B100903 | G9: 0x900903 | H9: Battery Voltage too High | I9: 輸入電源電壓過高 | J9: 输入电源电压过高 | K9: Power Over Range or disconnected | L9: 供電電源超過範圍或線束斷開 | M9: 供电电源超过范围或线束断开 | N9: Check Power Source | O9: 檢查供電電源 | P9: 检查供电电源 | Q9: 0x20 | R9: Power type fault | S9: 100ms | T9: Battery voltage ≧ 16.5V for 5 sec | U9: Power ON | V9: Battery voltage ≧ 16.5V for 5 sec | W9: Battery voltage <16.0V for 5 sec | X9: Power ON | Y9: Inhibit USS Function | Z9: Inhibit USS Function | AA9: Battery voltage <16.0V for 5 sec | AB9: Battery voltage <16.0V for 5 sec | AC9: A history DTC clears when the module operation cycle counter reaches the reset threshold of 40, without a repeat of the malfunction. | AD9: none | AE9: APS (F29)V_USS_12V_S1 | BA9: APS | BB9: DRIVING_CYCLE | BC9: 1 | BD9: 40 | BE9: N | BF9: Manufacturer controlled
A10: 4 | E10: N | F10: B100904 | G10: 0x900904 | H10: Battery Voltage too Low | I10: 輸入電源電壓過低 | J10: 输入电源电压过低 | K10: Power Over Range or disconnected | L10: 供電電源超過範圍或線束斷開 | M10: 供电电源超过范围或线束断开 | N10: Check Power Source | O10: 檢查供電電源 | P10: 检查供电电源 | Q10: 0x20 | R10: Power type fault | S10: 100ms | T10: Battery voltage ≦ 8.5V for 5 sec | U10: Power ON | V10: Battery voltage ≦ 8.5V for 5 sec | W10: Battery voltage >9.0V for 5 sec | X10: Power ON | Y10: Inhibit USS Function | Z10: Inhibit USS Function | AA10: Battery voltage >9.0V for 5 sec | AB10: Battery voltage >9.0V for 5 sec | AC10: A history DTC clears when the module operation cycle counter reaches the reset threshold of 40, without a repeat of the malfunction. | AD10: none | AE10: APS (F29)V_USS_12V_S1 | BA10: APS | BB10: DRIVING_CYCLE | BC10: 1 | BD10: 40 | BE10: N | BF10: Manufacturer controlled
A11: 5 | E11: N | F11: B100905 | G11: 0x900905 | H11: Battery Voltage too High | I11: 輸入電源電壓過高 | J11: 输入电源电压过高 | K11: Power Over Range or disconnected | L11: 供電電源超過範圍或線束斷開 | M11: 供电电源超过范围或线束断开 | N11: Check Power Source | O11: 檢查供電電源 | P11: 检查供电电源 | Q11: 0x20 | R11: Power type fault | S11: 100ms | T11: Battery voltage ≧ 16.5V for 5 sec | U11: Power ON | V11: Battery voltage ≧ 16.5V for 5 sec | W11: Battery voltage <16.0V for 5 sec | X11: Power ON | Y11: Inhibit USS Function | Z11: Inhibit USS Function | AA11: Battery voltage <16.0V for 5 sec | AB11: Battery voltage <16.0V for 5 sec | AC11: A history DTC clears when the module operation cycle counter reaches the reset threshold of 40, without a repeat of the malfunction. | AD11: none | AE11: APS (B29)V_USS_12V_S2 | BA11: APS | BB11: DRIVING_CYCLE | BC11: 1 | BD11: 40 | BE11: N | BF11: Manufacturer controlled
A12: 6 | E12: N | F12: B100906 | G12: 0x900906 | H12: Battery Voltage too Low | I12: 電源失效 (USS_DSI3 & USS_DSI4會失效) | J12: 电源失效 | K12: Power Over Range or disconnected | L12: 供電電源超過範圍或線束斷開 | M12: 供电电源超过范围或线束断开 | N12: Check Power Source | O12: 檢查供電電源 | P12: 检查供电电源 | Q12: 0x20 | R12: Power type fault | S12: 100ms | T12: Battery voltage ≦ 8.5V for 5 sec | U12: Power ON | V12: Battery voltage ≦ 8.5V for 5 sec | W12: Battery voltage >9.0V for 5 sec | X12: Power ON | Y12: Inhibit USS Function | Z12: Inhibit USS Function | AA12: Battery voltage >9.0V for 5 sec | AB12: Battery voltage >9.0V for 5 sec | AC12: A history DTC clears when the module operation cycle counter reaches the reset threshold of 40, without a repeat of the malfunction. | AD12: none | AE12: APS (B29)V_USS_12V_S2 | BA12: APS | BB12: DRIVING_CYCLE | BC12: 1 | BD12: 40 | BE12: N | BF12: Manufacturer controlled
A13: 7 | E13: N | F13: B100907 | G13: 0x900907 | H13: DSI3 Transceiver 1 Failure | I13: DSI3 收發器 1 失效 | J13: DSI3 收发器 1 失效 | K13: Transceiver fail | L13: 收發器異常 | M13: 收发器异常 | N13: Check Harness | O13: 1. 換件查修 2. 檢查線束 | P13: 检查线束 | Q13: 0x80 | R13: Sensor type fault | S13: 40ms | T13: Any DSI3 IC Status Word Signal Error | U13: Power ON | V13: Any DSI3 IC Status Word Signal Error | W13: All DSI3 IC Status Word Signal Normal | X13: Power ON | Y13: Inhibit USS Function | Z13: Inhibit USS Function | AA13: All DSI3 IC Status Word Signal Normal | AB13: All DSI3 IC Status Word Signal Normal | AC13: A history DTC clears when the module operation cycle counter reaches the reset threshold of 40, without a repeat of the malfunction. | AD13: none | BA13: APS | BB13: DRIVING_CYCLE | BC13: 1 | BD13: 40 | BE13: N | BF13: Manufacturer controlled
A14: 8 | E14: N | F14: B100908 | G14: 0x900908 | H14: DSI3 Transceiver 2 Failure | I14: DSI3 收發器 2 失效 | J14: DSI3 收发器 2 失效 | K14: Transceiver fail | L14: 收發器異常 | M14: 收发器异常 | N14: Check Harness | O14: 檢查線束 | P14: 检查线束 | Q14: 0x80 | R14: Sensor type fault | S14: 40ms | T14: Any DSI3 IC Status Word Signal Error | U14: Power ON | V14: Any DSI3 IC Status Word Signal Error | W14: All DSI3 IC Status Word Signal Normal | X14: Power ON | Y14: Inhibit USS Function | Z14: Inhibit USS Function | AA14: All DSI3 IC Status Word Signal Normal | AB14: All DSI3 IC Status Word Signal Normal | AC14: A history DTC clears when the module operation cycle counter reaches the reset threshold of 40, without a repeat of the malfunction. | AD14: none | BA14: APS | BB14: DRIVING_CYCLE | BC14: 1 | BD14: 40 | BE14: N | BF14: Manufacturer controlled
A15: 9 | E15: Y | F15: B100909 | G15: 0x900909 | H15: FCL USS Status Failure | I15: FCL 超聲波傳感器異常 | J15: FCL 超声波传感器异常 | K15: 1. Harness disconnected 2. FCL fault | L15: 1. 線束斷開 2. FCL 損壞 | M15: 1. 线束断开 2. FCL 损坏 | N15: 1. Check the harness. 2. Replace the FCL and check the function is normal or not. | O15: 1. 檢查 FCL 線束 2. FCL 換件後，確認功能是否正常。 | P15: 1. 检查 FCL 线束 2. FCL 换件后，确认功能是否正常。 | Q15: 0x80 | R15: Sensor type fault | S15: 40ms | T15: FCL USS Hardware or Communcation Error | U15: Power ON | V15: FCL USS Hardware or Communcation Error | W15: FCL USS Receive Response Frame | X15: Power ON | Y15: Inhibit USS Function | Z15: Inhibit USS Function | AA15: FCL USS Receive Response Frame | AB15: FCL USS Receive Response Frame | AC15: A history DTC clears when the module operation cycle counter reaches the reset threshold of 40, without a repeat of the malfunction. | AD15: none | BA15: APS | BB15: DRIVING_CYCLE | BC15: 1 | BD15: 40 | BE15: N | BF15: Manufacturer controlled
A16: 10 | E16: Y | F16: B10090A | G16: 0x90090A | H16: FML USS Status Failure | I16: FML 超聲波傳感器異常 | J16: FML 超声波传感器异常 | K16: 1. Harness disconnected 2. FML fault | L16: 1. 線束斷開 2. FML 損壞 | M16: 1. 线束断开 2. FML 损坏 | N16: 1. Check the harness. 2. Replace the FML and check the function is normal or not. | O16: 1. 檢查 FML 線束 2. FML 換件後，確認功能是否正常。 | P16: 1. 检查 FCL 线束 2. FCL 换件后，确认功能是否正常。 | Q16: 0x80 | R16: Sensor type fault | S16: 40ms | T16: FML USS Hardware or Communcation Error | U16: Power ON | V16: FML USS Hardware or Communcation Error | W16: FML USS Receive Response Frame | X16: Power ON | Y16: Inhibit USS Function | Z16: Inhibit USS Function | AA16: FML USS Receive Response Frame | AB16: FML USS Receive Response Frame | AC16: A history DTC clears when the module operation cycle counter reaches the reset threshold of 40, without a repeat of the malfunction. | AD16: none | BA16: APS | BB16: DRIVING_CYCLE | BC16: 1 | BD16: 40 | BE16: N | BF16: Manufacturer controlled
A17: 11 | E17: Y | F17: B10090B | G17: 0x90090B | H17: FMR USS Status Failure | I17: FMR 超聲波傳感器異常 | J17: FMR 超声波传感器异常 | K17: 1. Harness disconnected 2. FMR fault | L17: 1. 線束斷開 2. FMR 損壞 | M17: 1. 线束断开 2. FMR 损坏 | N17: 1. Check the harness. 2. Replace the FMR and check the function is normal or not. | O17: 1. 檢查 FMR 線束 2. FMR 換件後，確認功能是否正常。 | P17: 1. 检查 FCL 线束 2. FCL 换件后，确认功能是否正常。 | Q17: 0x80 | R17: Sensor type fault | S17: 40ms | T17: FMR USS Hardware or Communcation Error | U17: Power ON | V17: FMR USS Hardware or Communcation Error | W17: FMR USS Receive Response Frame | X17: Power ON | Y17: Inhibit USS Function | Z17: Inhibit USS Function | AA17: FMR USS Receive Response Frame | AB17: FMR USS Receive Response Frame | AC17: A history DTC clears when the module operation cycle counter reaches the reset threshold of 40, without a repeat of the malfunction. | AD17: none | BA17: APS | BB17: DRIVING_CYCLE | BC17: 1 | BD17: 40 | BE17: N | BF17: Manufacturer controlled
A18: 12 | E18: Y | F18: B10090C | G18: 0x90090C | H18: FCR USS Status Failure | I18: FCR 超聲波傳感器異常 | J18: FCR 超声波传感器异常 | K18: 1. Harness disconnected 2. FCR fault | L18: 1. 線束斷開 2. FCR 損壞 | M18: 1. 线束断开 2. FCR 损坏 | N18: 1. Check the harness. 2. Replace the FCR and check the function is normal or not. | O18: 1. 檢查 FCR 線束 2. FCR 換件後，確認功能是否正常。 | P18: 1. 检查 FCL 线束 2. FCL 换件后，确认功能是否正常。 | Q18: 0x80 | R18: Sensor type fault | S18: 40ms | T18: FCR USS Hardware or Communcation Error | U18: Power ON | V18: FCR USS Hardware or Communcation Error | W18: FCR USS Receive Response Frame | X18: Power ON | Y18: Inhibit USS Function | Z18: Inhibit USS Function | AA18: FCR USS Receive Response Frame | AB18: FCR USS Receive Response Frame | AC18: A history DTC clears when the module operation cycle counter reaches the reset threshold of 40, without a repeat of the malfunction. | AD18: none | BA18: APS | BB18: DRIVING_CYCLE | BC18: 1 | BD18: 40 | BE18: N | BF18: Manufacturer controlled
A19: 13 | E19: Y | F19: B10090D | G19: 0x90090D | H19: RCL USS Status Failure | I19: RCL 超聲波傳感器異常 | J19: RCL 超声波传感器异常 | K19: 1. Harness disconnected 2. RCL fault | L19: 1. 線束斷開 2. RCL 損壞 | M19: 1. 线束断开 2. RCL 损坏 | N19: 1. Check the harness. 2. Replace the RCL and check the function is normal or not. | O19: 1. 檢查 RCL 線束 2. RCL 換件後，確認功能是否正常。 | P19: 1. 检查 FCL 线束 2. FCL 换件后，确认功能是否正常。 | Q19: 0x80 | R19: Sensor type fault | S19: 40ms | T19: RCL USS Hardware or Communcation Error | U19: Power ON | V19: RCL USS Hardware or Communcation Error | W19: RCL USS Receive Response Frame | X19: Power ON | Y19: Inhibit USS Function | Z19: Inhibit USS Function | AA19: RCL USS Receive Response Frame | AB19: RCL USS Receive Response Frame | AC19: A history DTC clears when the module operation cycle counter reaches the reset threshold of 40, without a repeat of the malfunction. | AD19: none | BA19: APS | BB19: DRIVING_CYCLE | BC19: 1 | BD19: 40 | BE19: N | BF19: Manufacturer controlled
A20: 14 | E20: Y | F20: B10090E | G20: 0x90090E | H20: RML USS Status Failure | I20: RML 超聲波傳感器異常 | J20: RML 超声波传感器异常 | K20: 1. Harness disconnected 2. RML fault | L20: 1. 線束斷開 2. RML 損壞 | M20: 1. 线束断开 2. RML 损坏 | N20: 1. Check the harness. 2. Replace the RML and check the function is normal or not. | O20: 1. 檢查 RML 線束 2. RML 換件後，確認功能是否正常。 | P20: 1. 检查 FCL 线束 2. FCL 换件后，确认功能是否正常。 | Q20: 0x80 | R20: Sensor type fault | S20: 40ms | T20: RML USS Hardware or Communcation Error | U20: Power ON | V20: RML USS Hardware or Communcation Error | W20: RML USS Receive Response Frame | X20: Power ON | Y20: Inhibit USS Function | Z20: Inhibit USS Function | AA20: RML USS Receive Response Frame | AB20: RML USS Receive Response Frame | AC20: A history DTC clears when the module operation cycle counter reaches the reset threshold of 40, without a repeat of the malfunction. | AD20: none | BA20: APS | BB20: DRIVING_CYCLE | BC20: 1 | BD20: 40 | BE20: N | BF20: Manufacturer controlled
A21: 15 | E21: Y | F21: B10090F | G21: 0x90090F | H21: RMR USS Status Failure | I21: RMR 超聲波傳感器異常 | J21: RMR 超声波传感器异常 | K21: 1. Harness disconnected 2. RMR fault | L21: 1. 線束斷開 2. RMR 損壞 | M21: 1. 线束断开 2. RMR 损坏 | N21: 1. Check the harness. 2. Replace the RMR and check the function is normal or not. | O21: 1. 檢查 RMR 線束 2. RMR 換件後，確認功能是否正常。 | P21: 1. 检查 FCL 线束 2. FCL 换件后，确认功能是否正常。 | Q21: 0x80 | R21: Sensor type fault | S21: 40ms | T21: RMR USS Hardware or Communcation Error | U21: Power ON | V21: RMR USS Hardware or Communcation Error | W21: RMR USS Receive Response Frame | X21: Power ON | Y21: Inhibit USS Function | Z21: Inhibit USS Function | AA21: RMR USS Receive Response Frame | AB21: RMR USS Receive Response Frame | AC21: A history DTC clears when the module operation cycle counter reaches the reset threshold of 40, without a repeat of the malfunction. | AD21: none | BA21: APS | BB21: DRIVING_CYCLE | BC21: 1 | BD21: 40 | BE21: N | BF21: Manufacturer controlled
A22: 16 | E22: Y | F22: B100910 | G22: 0x900910 | H22: RCR USS Status Failure | I22: RCR 超聲波傳感器異常 | J22: RCR 超声波传感器异常 | K22: 1. Harness disconnected 2. RCR fault | L22: 1. 線束斷開 2. RCR 損壞 | M22: 1. 线束断开 2. RCR 损坏 | N22: 1. Check the harness. 2. Replace the RCR and check the function is normal or not. | O22: 1. 檢查 RCR 線束 2. RCR 換件後，確認功能是否正常。 | P22: 1. 检查 FCL 线束 2. FCL 换件后，确认功能是否正常。 | Q22: 0x80 | R22: Sensor type fault | S22: 40ms | T22: RCR USS Hardware or Communcation Error | U22: Power ON | V22: RCR USS Hardware or Communcation Error | W22: RCR USS Receive Response Frame | X22: Power ON | Y22: Inhibit USS Function | Z22: Inhibit USS Function | AA22: RCR USS Receive Response Frame | AB22: RCR USS Receive Response Frame | AC22: A history DTC clears when the module operation cycle counter reaches the reset threshold of 40, without a repeat of the malfunction. | AD22: none | BA22: APS | BB22: DRIVING_CYCLE | BC22: 1 | BD22: 40 | BE22: N | BF22: Manufacturer controlled
A23: 17 | E23: Y | F23: B100911 | G23: 0x900911 | H23: FLL USS Status Failure | I23: FLL 超聲波傳感器異常 | J23: FLL 超声波传感器异常 | K23: 1. Harness disconnected 2. FLL fault | L23: 1. 線束斷開 2. FLL 損壞 | M23: 1. 线束断开 2. FLL 损坏 | N23: 1. Check the harness. 2. Replace the FLL and check the function is normal or not. | O23: 1. 檢查 FLL 線束 2. FLL 換件後，確認功能是否正常。 | P23: 1. 检查 FCL 线束 2. FCL 换件后，确认功能是否正常。 | Q23: 0x40 | R23: Sensor type fault | S23: 40ms | T23: FLL USS Hardware or Communcation Error | U23: Power ON | V23: FLL USS Hardware or Communcation Error | W23: FLL USS Receive Response Frame | X23: Power ON | Y23: Inhibit USS Function | Z23: Inhibit USS Function | AA23: FLL USS Receive Response Frame | AB23: FLL USS Receive Response Frame | AC23: A history DTC clears when the module operation cycle counter reaches the reset threshold of 40, without a repeat of the malfunction. | AD23: none | BA23: APS | BB23: DRIVING_CYCLE | BC23: 1 | BD23: 40 | BE23: N | BF23: Manufacturer controlled
A24: 18 | E24: Y | F24: B100912 | G24: 0x900912 | H24: FLR USS Status Failure | I24: FLR 超聲波傳感器異常 | J24: FLR 超声波传感器异常 | K24: 1. Harness disconnected 2. FLR fault | L24: 1. 線束斷開 2. FLR 損壞 | M24: 1. 线束断开 2. FLR 损坏 | N24: 1. Check the harness. 2. Replace the FLR and check the function is normal or not. | O24: 1. 檢查 FLR 線束 2. FLR 換件後，確認功能是否正常。 | P24: 1. 检查 FCL 线束 2. FCL 换件后，确认功能是否正常。 | Q24: 0x40 | R24: Sensor type fault | S24: 40ms | T24: FLR USS Hardware or Communcation Error | U24: Power ON | V24: FLR USS Hardware or Communcation Error | W24: FLR USS Receive Response Frame | X24: Power ON | Y24: Inhibit USS Function | Z24: Inhibit USS Function | AA24: FLR USS Receive Response Frame | AB24: FLR USS Receive Response Frame | AC24: A history DTC clears when the module operation cycle counter reaches the reset threshold of 40, without a repeat of the malfunction. | AD24: none | BA24: APS | BB24: DRIVING_CYCLE | BC24: 1 | BD24: 40 | BE24: N | BF24: Manufacturer controlled
... A47: 41 | E47: Y | F47: U100704 | G47: 0xD00704 | H47: Lost Communication with cloud server | I47: 與雲端伺服器失去通訊 | J47: 与云云服务器失去通讯 | K47: 1.The relevant ECU damage 2.The relevant Cloud damage | L47: 1.相關ECU損壞 2.相關雲端伺服器損壞 | M47: 1.相关ECU损坏 2.相关云云服务器损坏 | N47: none | O47: 無 | P47: 无 | Q47: 0x40 | R47: Communication type fault | S47: <10ms | T47: Lost Communication with cloud server | U47: ECU not in sleep mode. | V47: Lost Communication with cloud server over 500ms | W47: Receive cloud server any response | X47: ECU not in sleep mode. | Y47: none | Z47: none | AA47: none | AB47: none | AC47: A history DTC clears when the module operation cycle counter reaches the reset threshold of 40, without a repeat of the malfunction. | AD47: No | BA47: Connectivity | BB47: WAKEUP_CYCLE | BC47: 1 | BD47: 1 | BE47: N | BF47: Manufacturer controlled
A48: 42 | E48: Y | F48: B100501 | G48: 0x900501 | H48: BMS: B2E message Timeout | I48: BMS: B2E 回應超時 | J48: BMS: B2E 回應超時 | K48: Communication abnormality | L48: 通訊異常 | M48: 通讯异常 | N48: none | O48: 無 | P48: 无 | Q48: 0x20 | R48: Communication type fault | S48: 10ms | T48: Check EVCC is unable to receive BMS's CAN message (B2E 0x144156F4) when BMS_WAKEUP (A+) is high. | U48: communication period (A+ high) | V48: The testFail detected for 10 times. (each system wake-up counts as one cycle) | W48: BMS message received | X48: communication period | Y48: none | Z48: none | AA48: none | AB48: none | AC48: none | AD48: none | BA48: EVCC | BB48: CHARGING_CYCLE | BC48: 1 | BD48: 5 | BE48: N | BF48: Manufacturer controlled
A49: 43 | E49: Y | F49: B100502 | G49: 0x900502 | H49: Unable to enter charging state (S2 switch close failure) | I49: 無法進入充電狀態 (S2接合失敗) | J49: 无法进入充电状态 (S2接合失败) | K49: 1. Fusion hardware abnormality (CP pin abnormality) 2. CP wire circuit abnormality | L49: 1、Fusion硬體異常(CP腳位異常) 2. CP 電線回路異常 | M49: 1、Fusion硬體異常(CP腳位異常) 2. CP 電線回路異常 | N49: 1. Confirm EVSE can charge other vehicles 2. Reconnect the battery. If AC or DC charging fails, replace it with FDC. | O49: 1. 確認EVSE可以對其他車輛充電 2. 重新上下電瓶電，若都無法AC、DC充電則換 FDC | P49: 1. 确认EVSE可以对其他车辆充电 2. 重新上下电瓶电，若都无法AC、DC充电则换 FDC | Q49: 0x20 | R49: Electrical failure | S49: 10ms | T49: After S2 switching, the target state cannot be reached within 10ms | U49: After controlling S2 | V49: The testFail detected for 3 times. (from entering charging to leaving charging is counted as one charge) | W49: reach target state | X49: charging mode | Y49: none | Z49: none | AA49: none | AB49: none | AC49: none | AD49: none | BA49: EVCC | BB49: CHARGING_CYCLE | BC49: 1 | BD49: 5 | BE49: N | BF49: Manufacturer controlled
A50: 44 | E50: Y | F50: B100503 | G50: 0x900503 | H50: Unable to enter charging standby state (S2 switch open failure) | I50: 無法進入充電待命狀態(S2斷開失敗) | J50: 无法进入充电待命状态(S2断开失败) | K50: 1. Fusion hardware abnormality (CP pin abnormality) 2. CP wire circuit abnormality | L50: 1、Fusion硬體異常(CP腳位異常) 2. CP 電線回路異常 | M50: 1、Fusion硬體異常(CP腳位異常) 2. CP 電線回路異常 | N50: 1. Confirm EVSE can charge other vehicles 2. Reconnect the battery. If AC or DC charging fails, replace it with FDC. | O50: 1. 確認EVSE可以對其他車輛充電 2. 重新上下電瓶電，若都無法AC、DC充電則換 FDC | P50: 1. 确认EVSE可以对其他车辆充电 2. 重新上下电瓶电，若都无法AC、DC充电则换 FDC | Q50: 0x20 | R50: Electrical failure | S50: 10ms | T50: After S2 switching, the target state cannot be reached within 10ms | U50: After controlling S2 | V50: The testFail detected for 3 times. (from entering charging to leaving charging is counted as one charge) | W50: reach target state | X50: charging mode | Y50: none | Z50: none | AA50: none | AB50: none | AC50: none | AD50: none | BA50: EVCC | BB50: CHARGING_CYCLE | BC50: 1 | BD50: 5 | BE50: N | BF50: Manufacturer controlled
A51: 45 | E51: Y | F51: B100504 | G51: 0x900504 | H51: PLC module failure | I51: Fusion 內部 PLC通訊模組失效 | J51: Fusion 內部 PLC通訊模組失效 | K51: Fusion hardware exception (PLC module exception) | L51: Fusion硬體異常(PLC模組異常) | M51: Fusion硬體異常(PLC模組異常) | N51: 1. Confirm EVSE can charge other vehicles 2. Reconnect the battery. If AC or DC charging fails, replace it with FDC. | O51: 1. 確認EVSE可以對其他車輛充電 2. 重新上下電瓶電，若都無法AC、DC充電則換 FDC | P51: 1. 确认EVSE可以对其他车辆充电 2. 重新上下电瓶电，若都无法AC、DC充电则换 FDC | Q51: 0x20 | R51: Electrical failure | S51: 10ms | T51: Cannot get PLC firmware version or cannot init PLC module | U51: At EVCC start up | V51: The testFail detected for 3 times. (each system wake-up counts as one cycle) | W51: PLC communication is normal | X51: communication period | Y51: none | Z51: none | AA51: none | AB51: none | AC51: none | AD51: none | BA51: EVCC | BB51: WAKEUP_CYCLE | BC51: 1 | BD51: 5 | BE51: N | BF51: Manufacturer controlled
A52: 46 | E52: Y | F52: B100505 | G52: 0x900505 | H52: PWM detection failure | I52: Fusion 內部 PWM模組失效 | J52: Fusion 內部 PWM模組失效 | K52: Fusion hardware abnormality (PWM module abnormality) | L52: Fusion硬體異常(PWM模組異常) | M52: Fusion硬體異常(PWM模組異常) | N52: 1. Confirm EVSE can charge other vehicles 2. Reconnect the battery. If AC or DC charging fails, replace it with FDC. | O52: 1. 確認EVSE可以對其他車輛充電 2. 重新上下電瓶電，若都無法AC、DC充電則換 FDC | P52: 1. 确认EVSE可以对其他车辆充电 2. 重新上下电瓶电，若都无法AC、DC充电则换 FDC | Q52: 0x20 | R52: Electrical failure | S52: 10ms | T52: Unable to initiate the PWM capture function | U52: After starting PWM detection | V52: The testFail detected for 3 times. (each system wake-up counts as one cycle) | W52: Complete the PWM start-up configuration | X52: After starting PWM detection | Y52: none | Z52: none | AA52: none | AB52: none | AC52: none | AD52: none | BA52: EVCC | BB52: WAKEUP_CYCLE | BC52: 1 | BD52: 5 | BE52: N | BF52: Manufacturer controlled
A53: 47 | E53: N | F53: B100506 | G53: 0x900506 | H53: PLC transmission abnormality | I53: PLC 訊號傳送異常 | J53: PLC 訊號傳送異常 | K53: 1. PLC module abnormality 2. External surge interference | L53: 1. PLC模組異常 2. 外部突波干擾 | M53: 1. PLC模組異常 2. 外部突波干擾 | N53: Recharging and powering off the battery | O53: 電瓶重新上下電 | P53: 電瓶重新上下電 | Q53: 0x20 | R53: Electrical failure | S53: 10ms | T53: PLC is not responding and re-try fail | U53: When charging | V53: The testFail detected for 1 times. (from entering charging to leaving charging is counted as one charge) | W53: PLC transmission is normal | X53: communication period | Y53: none | Z53: none | AA53: none | AB53: none | AC53: none | AD53: none | BA53: EVCC | BB53: WAKEUP_CYCLE | BC53: 1 | BD53: 5 | BE53: N | BF53: Manufacturer controlled
A54: 48 | E54: Y | F54: B100507 | G54: 0x900507 | H54: BMS communication abnormality | I54: BMS通訊異常 | J54: BMS通訊異常 | K54: BMS communication handover abnormal | L54: BMS通訊交握異常 | M54: BMS通訊交握異常 | N54: none | O54: 無 | P54: 無 | Q54: 0x20 | R54: Communication type fault | S54: 500ms | T54: No B2E signal BmsChoiceChargeMode=DC 5 second timeout | U54: When charging | V54: The testFail detected for 3 times. (from entering charging to leaving charging is counted as one charge) | W54: Communication with BMS is normal | X54: communication period | Y54: none | Z54: none | AA54: none | AB54: none | AC54: none | AD54: none | BA54: EVCC | BB54: CHARGING_CYCLE | BC54: 1 | BD54: 5 | BE54: N | BF54: Manufacturer controlled
A55: 49 | E55: Y | F55: B100508 | G55: 0x900508 | H55: BMS_WAKEUP Unable to set high position | I55: BMS_WAKEUP 信號無法設定高凖位 | J55: BMS_WAKEUP 信号无法设定高凖位 | K55: 1. Fusionu hardware abnormality (BMS_WAKEUP pin abnormality) 2. BMS_WAKEUP wire circuit abnormality | L55: 1、Fusionu硬體異常 2. BMS_WAKEUP電線迴路異常 | M55: 1、Fusionu硬件异常 2. BMS_WAKEUP电线回路异常 | N55: 1. Confirm EVSE can charge other vehicles 2. Reconnect the battery. If AC or DC charging fails, replace it with FDC. | O55: 1. 確認EVSE可以對其他車輛充電 2. 重新上下電瓶電，若都無法AC、DC充電則換 FDC | P55: 1. 确认EVSE可以对其他车辆充电 2. 重新上下电瓶电，若都无法AC、DC充电则换 FDC | Q55: 0x20 | R55: Electrical failure | S55: 10ms | T55: After BMS_WAKEUP (A+) switching, the target state cannot be reached within 10ms | U55: When changing A+ status | V55: The testFail detected for 3 times. (from entering charging to leaving charging is counted as one charge) | W55: reach target state | X55: charging mode | Y55: none | Z55: none | AA55: none | AB55: none | AC55: none | AD55: none | BA55: EVCC | BB55: CHARGING_CYCLE | BC55: 1 | BD55: 5 | BE55: N | BF55: Manufacturer controlled
A56: 50 | E56: Y | F56: B100509 | G56: 0x900509 | H56: BMS_WAKEUP Unable to set low bit | I56: BMS_WAKEUP 信號無法設定低凖位 | J56: BMS_WAKEUP 信号无法设定低凖位 | K56: 1. Fusionu hardware abnormality (BMS_WAKEUP pin abnormality) 2. BMS_WAKEUP line circuit abnormality | L56: 1、Fusionu硬體異常 2. BMS_WAKEUP電線迴路異常 | M56: 1、Fusionu硬件异常 2. BMS_WAKEUP电线回路异常 | N56: 1. Confirm EVSE can charge other vehicles 2. Reconnect the battery. If AC or DC charging fails, replace it with FDC. | O56: 1. 確認EVSE可以對其他車輛充電 2. 重新上下電瓶電，若都無法AC、DC充電則換 FDC | P56: 1. 确认EVSE可以对其他车辆充电 2. 重新上下电瓶电，若都无法AC、DC充电则换 FDC | Q56: 0x20 | R56: Electrical failure | S56: 10ms | T56: After BMS_WAKEUP (A+) switching, the target state cannot be reached within 10ms | U56: When changing A+ status | V56: The testFail detected for 3 times. (from entering charging to leaving charging is counted as one charge) | W56: reach target state | X56: charging mode | Y56: none | Z56: none | AA56: none | AB56: none | AC56: none | AD56: none | BA56: EVCC | BB56: CHARGING_CYCLE | BC56: 1 | BD56: 5 | BE56: N | BF56: Manufacturer controlled
A57: 51 | E57: Y | F57: B10050A | G57: 0x90050A | H57: The charging pile voltage is abnormal. | I57: 充電樁電壓凖位異常 | J57: 充電樁電壓凖位異常 | K57: The charging pile is abnormal | L57: 充電樁異常 | M57: 充電樁異常 | N57: none | O57: 無 | P57: 无 | Q57: 0x20 | R57: Electrical failure | S57: 10ms | T57: The CP voltage of the charging pile exceeds the standard value (CpFault != NO_ERROR) | U57: When charging | V57: The testFail detected for 3 times. (from entering charging to leaving charging is counted as one charge) | W57: CP voltage level is normal | X57: communication period | Y57: none | Z57: none | AA57: none | AB57: none | AC57: none | AD57: none | BA57: EVCC | BB57: WAKEUP_CYCLE | BC57: 1 | BD57: 5 | BE57: N | BF57: Manufacturer controlled
A58: 52 | E58: Y | F58: B10050B | G58: 0x90050B | H58: Abnormal frequency of charging pile | I58: 充電樁頻率異常 | J58: 充電樁頻率異常 | K58: 1. The charging pile is abnormal. 2.Charging gun abnormality. | L58: 1. 充電樁異常 2. 充電槍異常 | M58: 1. 充電樁異常 2. 充電槍異常 | N58: none | O58: 無 | P58: 无 | Q58: 0x20 | R58: Electrical failure | S58: 10ms | T58: Charging pile frequency exceeds standard value (_PlcChargeEnd = 0xC) PwmFreqOK = False | U58: When charging | V58: The testFail detected for 3 times. (from entering charging to leaving charging is counted as one charge) | W58: CP voltage frequency is normal | X58: communication period | Y58: none | Z58: none | AA58: none | AB58: none | AC58: none | AD58: none | BA58: EVCC | BB58: WAKEUP_CYCLE | BC58: 1 | BD58: 5 | BE58: N | BF58: Manufacturer controlled
A59: 53 | E59: Y | F59: B10050C | G59: 0x90050C | H59: BMS charging stops abnormally | I59: BMS充電異常停止 | J59: BMS充電異常停止 | K59: 1. The vehicle status does not allow charging. 2. BMS abnormality. | L59: 1. 車輛狀態不允許充電 2. BMS 異常 | M59: 1. 車輛狀態不允許充電 2. BMS 異常 | N59: none | O59: 無 | P59: 无 | Q59: 0x20 | R59: Communication type fault | S59: 10ms | T59: (BST) SPN3512 = 1 or (BST) SPN3513 = 1 | U59: When charging | V59: The testFail detected for 1 time. (from entering charging to leaving charging is counted as one charge) | W59: Communication is normal | X59: communication period | Y59: none | Z59: none | AA59: none | AB59: none | AC59: none | AD59: none | BA59: EVCC | BB59: CHARGING_CYCLE | BC59: 1 | BD59: 5 | BE59: N | BF59: Manufacturer controlled
... A108: 102 | E108: Y | F108: B10053D | G108: 0x90053D | H108: Charging pile emergency stop | I108: 充電樁緊急停止 | J108: 充电桩紧急停止 | K108: The charging pile is abnormal. | L108: 充電樁異常 | M108: 充电桩异常 | N108: none | O108: 無 | P108: 无 | Q108: 0x20 | R108: Communication type fault | S108: <10ms | T108: _PlcChargeEnd = EVSE_EmergencyShutdown"(0x13) | U108: When charging | V108: The testFail detected for 1 time. (from entering charging to leaving charging is counted as one charge) | W108: Communication is normal | X108: communication period | Y108: none | Z108: none | AA108: none | AB108: none | AC108: none | AD108: none | BA108: EVCC | BB108: CHARGING_CYCLE | BC108: 1 | BD108: 5 | BE108: N | BF108: Manufacturer controlled
A109: 103 | E109: Y | F109: U100300 | G109: 0xD00300 | H109: CAN 1 bus off failure | I109: CAN 1 總線關閉 | J109: CAN 1 总线关闭 | K109: 1. CAN_H short to CAN_L 2. CAN_H or CAN_L short to Battery or Ground. 3. Transceiver fail | L109: 1. CAN_H短接CAN_L 2. CAN_H 或 CAN_L 對電池或接地短路。 | M109: 1. CAN_H短接CAN_L 2. CAN_H 或 CAN_L 对电池或接地短路。 3. | N109: none | O109: none | P109: none | Q109: 0x20 | R109: Communication type fault | S109: <10ms | T109: ECU detected bus off. | U109: ECU not in sleep mode. | V109: ECU BUS OFF state continues for 1 sec. | W109: ECU detected no bus off. | X109: ECU not in sleep mode. | Y109: Execute two level bus-off recovery according to FSE-F00500. | Z109: Execute two level bus-off recovery according to FSE-F00500. | AA109: ECU detected no bus off. | AB109: ECU detected no bus off. | AC109: aging Counter reach to 40. | AD109: none | AE109: (F12)CAN_1_L (F13)CAN_1_H | AF109: M | BA109: FD-M | BB109: DRIVING_CYCLE | BC109: 1 | BD109: 40 | BE109: N | BF109: Manufacturer controlled
A110: 104 | E110: Y | F110: U100301 | G110: 0xD00301 | H110: CAN 2 bus off failure | I110: CAN 2 總線關閉 | J110: CAN 2 总线关闭 | K110: 1. CAN_H short to CAN_L 2. CAN_H or CAN_L short to Battery or Ground. 3. Transceiver fail | L110: 1. CAN_H短接CAN_L 2. CAN_H 或 CAN_L 對電池或接地短路。 | M110: 1. CAN_H短接CAN_L 2. CAN_H 或 CAN_L 对电池或接地短路。 3. | N110: none | O110: none | P110: none | Q110: 0x20 | R110: Communication type fault | S110: <10ms | T110: ECU detected bus off. | U110: ECU not in sleep mode. | V110: ECU BUS OFF state continues for 1 sec. | W110: ECU detected no bus off. | X110: ECU not in sleep mode. | Y110: Execute two level bus-off recovery according to FSE-F00500. | Z110: Execute two level bus-off recovery according to FSE-F00500. | AA110: ECU detected no bus off. | AB110: ECU detected no bus off. | AC110: aging Counter reach to 40. | AD110: none | AE110: (IP19)CAN_2_L (IP20)CAN_2_H | BA110: FD-M | BB110: DRIVING_CYCLE | BC110: 1 | BD110: 40 | BE110: N | BF110: Manufacturer controlled
A111: 105 | E111: Y | F111: U100302 | G111: 0xD00302 | H111: CAN 3 bus off failure | I111: CAN 3 總線關閉 | J111: CAN 3 总线关闭 | K111: 1. CAN_H short to CAN_L 2. CAN_H or CAN_L short to Battery or Ground. 3. Transceiver fail | L111: 1. CAN_H短接CAN_L 2. CAN_H 或 CAN_L 對電池或接地短路。 | M111: 1. CAN_H短接CAN_L 2. CAN_H 或 CAN_L 对电池或接地短路。 3. | N111: none | O111: none | P111: none | Q111: 0x20 | R111: Communication type fault | S111: <10ms | T111: ECU detected bus off. | U111: ECU not in sleep mode. | V111: ECU BUS OFF state continues for 1 sec. | W111: ECU detected no bus off. | X111: ECU not in sleep mode. | Y111: Execute two level bus-off recovery according to FSE-F00500. | Z111: Execute two level bus-off recovery according to FSE-F00500. | AA111: ECU detected no bus off. | AB111: ECU detected no bus off. | AC111: aging Counter reach to 40. | AD111: none | AE111: (F14)CAN_3_L (F15)CAN_3_H | BA111: FD-M | BB111: DRIVING_CYCLE | BC111: 1 | BD111: 40 | BE111: N | BF111: Manufacturer controlled
A112: 106 | E112: Y | F112: U100303 | G112: 0xD00303 | H112: CAN 4 bus off failure | I112: CAN 4 總線關閉 | J112: CAN 4 总线关闭 | K112: 1. CAN_H short to CAN_L 2. CAN_H or CAN_L short to Battery or Ground. 3. Transceiver fail | L112: 1. CAN_H短接CAN_L 2. CAN_H 或 CAN_L 對電池或接地短路。 | M112: 1. CAN_H短接CAN_L 2. CAN_H 或 CAN_L 对电池或接地短路。 3. | N112: none | O112: none | P112: none | Q112: 0x20 | R112: Communication type fault | S112: <10ms | T112: ECU detected bus off. | U112: ECU not in sleep mode. | V112: ECU BUS OFF state continues for 1 sec. | W112: ECU detected no bus off. | X112: ECU not in sleep mode. | Y112: Execute two level bus-off recovery according to FSE-F00500. | Z112: Execute two level bus-off recovery according to FSE-F00500. | AA112: ECU detected no bus off. | AB112: ECU detected no bus off. | AC112: aging Counter reach to 40. | AD112: none | AE112: (IP21)CAN_4_L (IP22)CAN_4_H | BA112: FD-M | BB112: DRIVING_CYCLE | BC112: 1 | BD112: 40 | BE112: N | BF112: Manufacturer controlled
A113: 107 | E113: Y | F113: U100304 | G113: 0xD00304 | H113: CAN 5 bus off failure | I113: CAN 5 總線關閉 | J113: CAN 5 总线关闭 | K113: 1. CAN_H short to CAN_L 2. CAN_H or CAN_L short to Battery or Ground. 3. Transceiver fail | L113: 1. CAN_H短接CAN_L 2. CAN_H 或 CAN_L 對電池或接地短路。 | M113: 1. CAN_H短接CAN_L 2. CAN_H 或 CAN_L 对电池或接地短路。 3. | N113: none | O113: none | P113: none | Q113: 0x20 | R113: Communication type fault | S113: <10ms | T113: ECU detected bus off. | U113: ECU not in sleep mode. | V113: ECU BUS OFF state continues for 1 sec. | W113: ECU detected no bus off. | X113: ECU not in sleep mode. | Y113: Execute two level bus-off recovery according to FSE-F00500. | Z113: Execute two level bus-off recovery according to FSE-F00500. | AA113: ECU detected no bus off. | AB113: ECU detected no bus off. | AC113: aging Counter reach to 40. | AD113: none | AE113: (IP26)CAN_5_L (CAN_T-BOX_L) (IP27)CAN_5_H (CAN_T-BOX_H) | BA113: FD-M | BB113: DRIVING_CYCLE | BC113: 1 | BD113: 40 | BE113: N | BF113: Manufacturer controlled
A114: 108 | E114: Y | F114: U100305 | G114: 0xD00305 | H114: CAN 6 bus off failure | I114: CAN 6 總線關閉 | J114: CAN 6 总线关闭 | K114: 1. CAN_H short to CAN_L 2. CAN_H or CAN_L short to Battery or Ground. 3. Transceiver fail | L114: 1. CAN_H短接CAN_L 2. CAN_H 或 CAN_L 對電池或接地短路。 | M114: 1. CAN_H短接CAN_L 2. CAN_H 或 CAN_L 对电池或接地短路。 3. | N114: none | O114: none | P114: none | Q114: 0x20 | R114: Communication type fault | S114: <10ms | T114: ECU detected bus off. | U114: ECU not in sleep mode. | V114: ECU BUS OFF state continues for 1 sec. | W114: ECU detected no bus off. | X114: ECU not in sleep mode. | Y114: Execute two level bus-off recovery according to FSE-F00500. | Z114: Execute two level bus-off recovery according to FSE-F00500. | AA114: ECU detected no bus off. | AB114: ECU detected no bus off. | AC114: aging Counter reach to 40. | AD114: none | AE114: (IP24)CAN_6_L (CAN_OBD_L) (IP25)CAN_6_H (CAN_OBD_H) | BA114: FD-M | BB114: DRIVING_CYCLE | BC114: 1 | BD114: 40 | BE114: N | BF114: Manufacturer controlled
A115: 109 | E115: Y | F115: U100306 | G115: 0xD00306 | H115: CAN GBDC bus off failure | I115: CAN GBDC 總線關閉 | J115: CAN GBDC 总线关闭 | K115: 1. CAN_H short to CAN_L 2. CAN_H or CAN_L short to Battery or Ground. 3. Transceiver fail | L115: 1. CAN_H短接CAN_L 2. CAN_H 或 CAN_L 對電池或接地短路。 | M115: 1. CAN_H短接CAN_L 2. CAN_H 或 CAN_L 对电池或接地短路。 3. | N115: none | O115: none | P115: none | Q115: 0x20 | R115: Communication type fault | S115: <10ms | T115: ECU detected bus off. | U115: ECU not in sleep mode. | V115: ECU BUS OFF state continues for 1 sec. | W115: ECU detected no bus off. | X115: ECU not in sleep mode. | Y115: Execute two level bus-off recovery according to FSE-F00500. | Z115: Execute two level bus-off recovery according to FSE-F00500. | AA115: ECU detected no bus off. | AB115: ECU detected no bus off. | AC115: aging Counter reach to 40. | AD115: none | AE115: (F21)CAN_GBDC1 L (F22)CAN_GBDC1 H | BA115: FD-M | BB115: DRIVING_CYCLE | BC115: 1 | BD115: 40 | BE115: N | BF115: Manufacturer controlled
A116: 110 | E116: Y | F116: B100307 | G116: 0x900307 | H116: Battery Voltage too High | I116: FUSION_B+ 輸入電源電壓過高 | J116: 输入电源电压过高 | K116: Power Over Range | L116: 供電電源超過範圍 | M116: 供电电源超过范围 | N116: Check Power Source | O116: 檢查CCU輸出供電 (接近B+電壓) | P116: 检查供电电源 | Q116: 0x20 | R116: Power type fault | S116: 100ms | T116: Battery voltage ≧ 16.5V for 5 sec | U116: Power ON | V116: Battery voltage ≧ 16.5V for 5 sec | W116: Battery voltage <16.0V for 5 sec | X116: Power ON | Y116: none | Z116: none | AA116: none | AB116: none | AC116: none | AD116: none | AE116: (F01)FUSION_B2+ (F02)FUSION_B1+ | BA116: FD-M | BB116: DRIVING_CYCLE | BC116: 1 | BD116: 40 | BE116: N | BF116: Manufacturer controlled
A117: 111 | E117: Y | F117: B100308 | G117: 0x900308 | H117: Battery Voltage too Low | I117: FUSION_B+ 輸入電源電壓過低 | J117: 输入电源电压过低 | K117: Power Over Range or disconnected | L117: 供電電源超過範圍或線束斷開 | M117: 供电电源超过范围或线束断开 | N117: Check Power Source | O117: 檢查CCU輸出供電 (接近B+電壓) | P117: 检查供电电源 | Q117: 0x20 | R117: Power type fault | S117: 100ms | T117: Battery voltage ≧ 16.5V for 5 sec | U117: Power ON | V117: Battery voltage ≦ 8.5V for 5 sec | W117: Battery voltage >9.0V for 5 sec | X117: Power ON | Y117: none | Z117: none | AA117: none | AB117: none | AC117: none | AD117: none | AE117: (F01)FUSION_B2+ (F02)FUSION_B1+ | BA117: FD-M | BB117: DRIVING_CYCLE | BC117: 1 | BD117: 40 | BE117: N | BF117: Manufacturer controlled
A118: 112 | E118: Y | F118: B100E01 | G118: 0x900E01 | H118: FDC fail safe reset | I118: FDC 失效安全觸發 | J118: FDC 失效安全触发 | K118: 1. FDC hardware is damaged(I2C communicatioin fail, PMIC failure) 2. FDC system operation abnormal | L118: 1. FDC 硬體損壞(I2C 通訊異常, 電源管理 IC 異常) 2. FDC 系統運行異常 | M118: 1. FDC 硬体损坏(I2C 通讯异常, 电源管理 IC 异常) 2. FDC 系统运行异常 | N118: 1. Check if FDC hardware is damaged 2. Replace FDC | O118: 1. 置換 FDC 2. 檢查是否有其他異常故障碼。 | P118: 1. 检查Fusion硬体是否损坏 2. 置换 FDC | Q118: 0x40 | R118: Fusion system fault. | S118: Event trigger | T118: Fusion wake-up from a PMIC watchdog reset event | U118: Fusion wake-up | V118: Fusion wake-up | W118: Fusion wake-up from a WISR event | X118: Fusion wake-up | Y118: none | Z118: none | AA118: none | AB118: none | AC118: none | AD118: none | BA118: FD-M | BB118: DRIVING_CYCLE | BC118: 1 | BD118: 40 | BE118: N | BF118: Manufacturer controlled
A119: 113 | E119: Y | F119: B100E02 | G119: 0x900E02 | H119: FDC unknow boot reason | I119: FDC 未知原因喚醒 | J119: FDC 未知原因唤醒 | K119: 1. FDC hardware is damaged(I2C communicatioin fail, PMIC failure) 2. FDC system operation abnormal | L119: 1. FDC 硬體損壞(I2C 通訊異常, 電源管理 IC 異常) 2. FDC 系統運行異常 | M119: 1. FDC 硬体损坏(I2C 通讯异常, 电源管理 IC 异常) 2. FDC 系统运行异常 | N119: 1. Check if FDC hardware is damaged 2. Replace FDC | O119: 1. 置換 FDC 2. 檢查是否有其他異常故障碼。 | P119: 1. 检查Fusion硬体是否损坏 2. 置换 FDC | Q119: 0x40 | R119: Fusion system fault. | S119: Event trigger | T119: Fusion wake-up detect unknow PMIC boot reason | U119: Fusion wake-up | V119: Fusion wake-up | W119: Fusion wake-up detect correct PMIC boot reason | X119: Fusion wake-up | Y119: none | Z119: none | AA119: none | AB119: none | AC119: none | AD119: none | BA119: FD-M | BB119: DRIVING_CYCLE | BC119: 1 | BD119: 40 | BE119: N | BF119: Manufacturer controlled
A120: 114 | E120: Y | F120: B100E03 | G120: 0x900E03 | H120: FDC cold start | I120: FDC 電源重啟喚醒 | J120: FDC 电源重启唤醒 | K120: 1. FDC power supply reset 2. HV battery is unable charge LV battery which causes run out of battery. 3. Intentionally or accidentally disconnect the battery | L120: 1. 人為 FDC 供電重啟 2. 小電瓶電壓過低 3. 供電系統異常 | M120: 1. 人為 FDC 供電重啟 2. 小電瓶電壓過低 3. 供電系統異常 | N120: 1. Check the HV battery to LV battery charging system. 2. Check the connection of LV battery. 3. Check if another DTC show up. | O120: 1. 檢查小電瓶是否損壞或電量過低。 2. 檢查電源相關迴路是否有異常。 3. 檢查是否有其他異常故障碼。 | P120: 1. 检查小电瓶是否损坏或电量过低。 2. 检查电源相关回路是否有异常。 3. 检查是否有其他异常故障码。 | Q120: 0x40 | R120: Fusion system fault. | S120: Event trigger | T120: Fusion wake-up detect code-start | U120: Fusion wake-up | V120: Fusion wake-up | W120: Fusion wake-up from a WISR event | X120: Fusion wake-up | Y120: none | Z120: none | AA120: none | AB120: none | AC120: none | AD120: none | BA120: FD-M | BB120: DRIVING_CYCLE | BC120: 1 | BD120: 40 | BE120: N | BF120: Manufacturer controlled
A121: 115 | E121: Y | F121: B100E04 | G121: 0x900E04 | H121: FDC standby timer wake-up | I121: FDC PMIC standby timer 喚醒 | J121: FDC PMIC standby timer 唤醒 | K121: FDC general wake-up soure not triggered | L121: FDC 一般喚醒源未曾正確觸發 | M121: FDC 一般唤醒源未曾正确触发 | N121: 1. Check if FDC hardware is damaged 2. Replace FDC 3. Check if another DTC show up. | O121: 1. 置換 FDC 2. 檢查是否有其他異常故障碼。 | P121: 1. 检查Fusion硬体是否损坏 2. 置换 FDC 3. 检查是否有其他异常故障码。 | Q121: 0x40 | R121: Fusion system fault. | S121: Event trigger | T121: Fusion wake-up from standby timer | U121: Fusion wake-up | V121: Fusion wake-up | W121: Fusion wake-up from a WISR event | X121: Fusion wake-up | Y121: none | Z121: none | AA121: none | AB121: none | AC121: none | AD121: none | BA121: FD-M | BB121: DRIVING_CYCLE | BC121: 1 | BD121: 40 | BE121: N | BF121: Manufacturer controlled
A122: 116 | E122: Y | F122: B100E05 | G122: 0x900E05 | H122: FDC 12V load switch report fail | I122: FDC 12V load switch 回報異常 | J122: FDC 12V load switch 回报异常 | K122: 1. FDC hardware is damaged(I2C communicatioin fail) 2. FDC power supply abnormal | L122: 1. FDC 硬體損壞 2. 供電系統異常 | M122: 1. FDC 硬体损坏 2. 供电系统异常 | N122: 1. Check the HV battery to LV battery charging system. 2. Check the connection of LV battery. 3. Check if another DTC show up. 4. Check if FDC hardware is damaged 5. Replace FDC | O122: 1. 檢查小電瓶是否損壞或電量過低。 2. 檢查電源相關迴路是否有異常。 3. 檢查是否有其他異常故障碼。 4. 置換 FDC | P122: 1. 检查小电瓶是否损坏或电量过低。 2. 检查电源相关回路是否有异常。 3. 检查是否有其他异常故障码。 4. 检查Fusion硬体是否损坏 5. 置换 FDC。 | Q122: 0x40 | R122: Fusion system fault. | S122: 10ms | T122: IO expander U28 read P12V_FAULT == LOW | U122: Fusion running | V122: Fusion running | W122: IO expander U28 read P12V_FAULT == HIGH | X122: Fusion running | Y122: None | Z122: none | AA122: none | AB122: none | AC122: none | AD122: none | BA122: FD-M | BB122: DRIVING_CYCLE | BC122: 1 | BD122: 40 | BE122: N | BF122: Manufacturer controlled
A123: 117 | E123: Y | F123: U100E06 | G123: 0xD00E06 | H123: FDC IO expander U26 communication fail | I123: FDC IO expander U26 通訊失敗 | J123: FDC IO expander U26 通讯失败 | K123: FDC hardware is damaged(I2C communicatioin fail, IO expander U26 malfunction) | L123: FDC 硬體損壞(I2C 通訊異常, IO expander U26 部件故障) | M123: FDC 硬体损坏(I2C 通讯异常, IO expander U26 部件故障) | N123: 1. Check if FDC hardware is damaged 2. Replace FDC | O123: 1. 檢查Fusion硬體是否損壞 2. 置換 FDC | P123: 1. 检查Fusion硬体是否损坏 2. 置换 FDC | Q123: 0x40 | R123: Fusion system fault. | S123: 50ms | T123: IO expander read/write fail | U123: Fusion running | V123: Fusion running | W123: IO expander read/write success | X123: Fusion running | Y123: I2C0 re-initialization | Z123: none | AA123: none | AB123: none | AC123: none | AD123: none | BA123: FD-M | BB123: DRIVING_CYCLE | BC123: 1 | BD123: 40 | BE123: N | BF123: Manufacturer controlled
A124: 118 | E124: Y | F124: U100E07 | G124: 0xD00E07 | H124: FDC IO expander U27 communication fail | I124: FDC IO expander U27 通訊失敗 | J124: FDC IO expander U27 通讯失败 | K124: FDC hardware is damaged(I2C communicatioin fail, IO expander U27 malfunction) | L124: FDC 硬體損壞(I2C 通訊異常, IO expander U27 部件故障) | M124: FDC 硬体损坏(I2C 通讯异常, IO expander U27 部件故障) | N124: 1. Check if FDC hardware is damaged 2. Replace FDC | O124: 1. 檢查Fusion硬體是否損壞 2. 置換 FDC | P124: 1. 检查Fusion硬体是否损坏 2. 置换 FDC | Q124: 0x40 | R124: Fusion system fault. | S124: 50ms | T124: IO expander read/write fail | U124: Fusion running | V124: Fusion running | W124: IO expander read/write success | X124: Fusion running | Y124: I2C0 re-initialization | Z124: none | AA124: none | AB124: none | AC124: none | AD124: none | BA124: FD-M | BB124: DRIVING_CYCLE | BC124: 1 | BD124: 40 | BE124: N | BF124: Manufacturer controlled
A125: 119 | E125: Y | F125: U100E08 | G125: 0xD00E08 | H125: FDC IO expander U28 communication fail | I125: FDC IO expander U28 通訊失敗 | J125: FDC IO expander U28 通讯失败 | K125: FDC hardware is damaged(I2C communicatioin fail, IO expander U28 malfunction) | L125: FDC 硬體損壞(I2C 通訊異常, IO expander U28 部件故障) | M125: FDC 硬体损坏(I2C 通讯异常, IO expander U28 部件故障) | N125: 1. Check if FDC hardware is damaged 2. Replace FDC | O125: 1. 檢查Fusion硬體是否損壞 2. 置換 FDC | P125: 1. 检查Fusion硬体是否损坏 2. 置换 FDC | Q125: 0x40 | R125: Fusion system fault. | S125: 50ms | T125: IO expander read/write fail | U125: Fusion running | V125: Fusion running | W125: IO expander read/write success | X125: Fusion running | Y125: I2C0 re-initialization | Z125: none | AA125: none | AB125: none | AC125: none | AD125: none | BA125: FD-M | BB125: DRIVING_CYCLE | BC125: 1 | BD125: 40 | BE125: N | BF125: Manufacturer controlled
A126: 120 | E126: Y | F126: U100E09 | G126: 0xD00E09 | H126: FDC TPMS communication fail | I126: FDC TPMS 通訊異常 | J126: FDC TPMS 通讯异常 | K126: FDC hardware is damaged(SPI communication fail, TPMS parts malfunction) | L126: FDC 硬體損壞(SPI 通訊異常, TPMS 部件異常) | M126: FDC 硬体损坏(SPI 通讯异常, TPMS 部件异常) | N126: 1. Check if FDC hardware is damaged 2. Replace FDC | O126: 1. 檢查Fusion硬體是否損壞 2. 置換 FDC | P126: 1. 检查Fusion硬体是否损坏 2. 置换 FDC | Q126: 0x40 | R126: Fusion system fault. | S126: Event trigger | T126: TPMS read/write fail | U126: Fusion running | V126: Fusion running | W126: TPMS read/write success | X126: Fusion running | Y126: None | Z126: none | AA126: none | AB126: none | AC126: none | AD126: none | BA126: FD-M | BB126: DRIVING_CYCLE | BC126: 1 | BD126: 40 | BE126: N | BF126: Manufacturer controlled
A127: 121 | E127: Y | F127: U100E0A | G127: 0xD00E0A | H127: FDC DSI3 communication fail | I127: FDC DSI3 通訊異常 | J127: FDC DSI3 通讯异常 | K127: FDC hardware is damaged(SPI communication fail, DSI3 parts malfunction) | L127: FDC 硬體損壞(SPI 通訊異常, DSI3 部件異常) | M127: FDC 硬体损坏(SPI 通讯异常, DSI3 部件异常) | N127: 1. Check if FDC hardware is damaged 2. Replace FDC | O127: 1. 檢查Fusion硬體是否損壞 2. 置換 FDC | P127: 1. 检查Fusion硬体是否损坏 2. 置换 FDC | Q127: 0x40 | R127: Fusion system fault. | S127: Event trigger | T127: DSI3 read/write fail | U127: Fusion running | V127: Fusion running | W127: DSI3 read/write success | X127: Fusion running | Y127: None | Z127: none | AA127: none | AB127: none | AC127: none | AD127: none | BA127: FD-M | BB127: DRIVING_CYCLE | BC127: 1 | BD127: 40 | BE127: N | BF127: Manufacturer controlled
A128: 122 | E128: Y | F128: U100E0B | G128: 0xD00E0B | H128: FDC IMU communication fail | I128: FDC IMU 通訊異常 | J128: FDC IMU 通讯异常 | K128: FDC hardware is damaged(SPI communication fail, IMU parts malfunction) | L128: FDC 硬體損壞(SPI 通訊異常, IMU 部件異常) | M128: FDC 硬体损坏(SPI 通讯异常, IMU 部件异常) | N128: 1. Check if FDC hardware is damaged 2. Replace FDC | O128: 1. 檢查Fusion硬體是否損壞 2. 置換 FDC | P128: 1. 检查Fusion硬体是否损坏 2. 置换 FDC | Q128: 0x40 | R128: Fusion system fault. | S128: Event trigger | T128: IMU read/write fail | U128: Fusion running | V128: Fusion running | W128: IMU read/write success | X128: Fusion running | Y128: None | Z128: none | AA128: none | AB128: none | AC128: none | AD128: none | BA128: FD-M | BB128: DRIVING_CYCLE | BC128: 1 | BD128: 40 | BE128: N | BF128: Manufacturer controlled
A129: 123 | E129: Y | F129: U100E0C | G129: 0xD00E0C | H129: FDC I2C0 abstraction lost | I129: FDC I2C0 通訊異常 | J129: FDC I2C0 通讯异常 | K129: FDC hardware is damaged(SPI communication fail, IMU parts malfunction) | L129: FDC 硬體損壞(SPI 通訊異常, IMU 部件異常) | M129: FDC 硬体损坏(SPI 通讯异常, IMU 部件异常) | N129: 1. Check if FDC hardware is damaged 2. Replace FDC | O129: 1. 檢查Fusion硬體是否損壞 2. 置換 FDC | P129: 1. 检查Fusion硬体是否损坏 2. 置换 FDC | Q129: 0x40 | R129: Fusion system fault. | S129: 50ms | T129: IO expander read/write fail | U129: Fusion running | V129: Fusion running | W129: IMU read/write success | X129: Fusion running | Y129: None | Z129: none | AA129: none | AB129: none | AC129: none | AD129: none | BA129: FD-M | BB129: DRIVING_CYCLE | BC129: 1 | BD129: 40 | BE129: N | BF129: Manufacturer controlled
A130: 124 | E130: Y | F130: B100E0D | G130: 0x900E0D | H130: FDC EEPROM Key-value store corruption | I130: FDC EEPROM 鍵值儲存讀取異常 | J130: FDC EEPROM 键值储存读取异常 | K130: FDC hardware is damaged(I2C4 communication fail, EEPROM part malfunction) | L130: FDC 硬體損壞(I2C4 通訊異常, EEPROM 部件異常) | M130: FDC 硬体损坏(I2C4 通讯异常, EEPROM 部件异常) | N130: 1. Check if FDC hardware is damaged 2. Replace FDC | O130: 1. 檢查Fusion硬體是否損壞 2. 置換 FDC | P130: 1. 检查Fusion硬体是否损坏 2. 置换 FDC | Q130: 0x40 | R130: Fusion system fault. | S130: Event trigger | T130: EEPROM read/write/verify fail | U130: Fusion wake-up | Y130: None | Z130: none | AA130: none | AB130: none | AC130: none | AD130: none | BA130: FD-M | BB130: DRIVING_CYCLE | BC130: 1 | BD130: 40 | BE130: N | BF130: Manufacturer controlled
A131: 125 | E131: Y | F131: U002888 | G131: 0xC02888 | H131: CAN 1 bus off failure | I131: CAN 1 總線關閉 | J131: CAN 1 总线关闭 | K131: 1. CAN_H short to CAN_L 2. CAN_H or CAN_L short to Battery or Ground. 3. Transceiver fail | L131: 1. CAN_H短接CAN_L 2. CAN_H 或 CAN_L 對電池或接地短路。 | M131: 1. CAN_H短接CAN_L 2. CAN_H 或 CAN_L 对电池或接地短路。 3. | N131: none | O131: none | P131: none | Q131: 0x22 | R131: Communication type fault | S131: <10ms | T131: ECU detected bus off. | U131: ECU not in sleep mode. | V131: ECU BUS OFF state continues for 1 sec. | W131: ECU detected no bus off. | X131: ECU not in sleep mode. | Y131: Execute two level bus-off recovery according to FSE-F00500. | Z131: Execute two level bus-off recovery according to FSE-F00500. | AA131: ECU detected no bus off. | AB131: ECU detected no bus off. | AC131: aging Counter reach to 40. | AD131: none | AE131: (F12)CAN_1_L (F13)CAN_1_H | AF131: M | BA131: FD-M | BB131: DRIVING_CYCLE | BC131: 1 | BD131: 40 | BE131: V | BF131: ISO/SAE controlled
A132: 126 | E132: Y | F132: U003788 | G132: 0xC03788 | H132: CAN 2 bus off failure | I132: CAN 2 總線關閉 | J132: CAN 2 总线关闭 | K132: 1. CAN_H short to CAN_L 2. CAN_H or CAN_L short to Battery or Ground. 3. Transceiver fail | L132: 1. CAN_H短接CAN_L 2. CAN_H 或 CAN_L 對電池或接地短路。 | M132: 1. CAN_H短接CAN_L 2. CAN_H 或 CAN_L 对电池或接地短路。 3. | N132: none | O132: none | P132: none | Q132: 0x22 | R132: Communication type fault | S132: <10ms | T132: ECU detected bus off. | U132: ECU not in sleep mode. | V132: ECU BUS OFF state continues for 1 sec. | W132: ECU detected no bus off. | X132: ECU not in sleep mode. | Y132: Execute two level bus-off recovery according to FSE-F00500. | Z132: Execute two level bus-off recovery according to FSE-F00500. | AA132: ECU detected no bus off. | AB132: ECU detected no bus off. | AC132: aging Counter reach to 40. | AD132: none | AE132: (IP19)CAN_2_L (IP20)CAN_2_H | BA132: FD-M | BB132: DRIVING_CYCLE | BC132: 1 | BD132: 40 | BE132: V | BF132: ISO/SAE controlled
A133: 127 | E133: Y | F133: U004688 | G133: 0xC04688 | H133: CAN 3 bus off failure | I133: CAN 3 總線關閉 | J133: CAN 3 总线关闭 | K133: 1. CAN_H short to CAN_L 2. CAN_H or CAN_L short to Battery or Ground. 3. Transceiver fail | L133: 1. CAN_H短接CAN_L 2. CAN_H 或 CAN_L 對電池或接地短路。 | M133: 1. CAN_H短接CAN_L 2. CAN_H 或 CAN_L 对电池或接地短路。 3. | N133: none | O133: none | P133: none | Q133: 0x22 | R133: Communication type fault | S133: <10ms | T133: ECU detected bus off. | U133: ECU not in sleep mode. | V133: ECU BUS OFF state continues for 1 sec. | W133: ECU detected no bus off. | X133: ECU not in sleep mode. | Y133: Execute two level bus-off recovery according to FSE-F00500. | Z133: Execute two level bus-off recovery according to FSE-F00500. | AA133: ECU detected no bus off. | AB133: ECU detected no bus off. | AC133: aging Counter reach to 40. | AD133: none | AE133: (F14)CAN_3_L (F15)CAN_3_H | BA133: FD-M | BB133: DRIVING_CYCLE | BC133: 1 | BD133: 40 | BE133: V | BF133: ISO/SAE controlled
A134: 128 | E134: Y | F134: U005588 | G134: 0xC05588 | H134: CAN 4 bus off failure | I134: CAN 4 總線關閉 | J134: CAN 4 总线关闭 | K134: 1. CAN_H short to CAN_L 2. CAN_H or CAN_L short to Battery or Ground. 3. Transceiver fail | L134: 1. CAN_H短接CAN_L 2. CAN_H 或 CAN_L 對電池或接地短路。 | M134: 1. CAN_H短接CAN_L 2. CAN_H 或 CAN_L 对电池或接地短路。 3. | N134: none | O134: none | P134: none | Q134: 0x22 | R134: Communication type fault | S134: <10ms | T134: ECU detected bus off. | U134: ECU not in sleep mode. | V134: ECU BUS OFF state continues for 1 sec. | W134: ECU detected no bus off. | X134: ECU not in sleep mode. | Y134: Execute two level bus-off recovery according to FSE-F00500. | Z134: Execute two level bus-off recovery according to FSE-F00500. | AA134: ECU detected no bus off. | AB134: ECU detected no bus off. | AC134: aging Counter reach to 40. | AD134: none | AE134: (IP21)CAN_4_L (IP22)CAN_4_H | BA134: FD-M | BB134: DRIVING_CYCLE | BC134: 1 | BD134: 40 | BE134: V | BF134: ISO/SAE controlled
A135: 129 | E135: Y | F135: U006488 | G135: 0xC06488 | H135: CAN 5 bus off failure | I135: CAN 5 總線關閉 | J135: CAN 5 总线关闭 | K135: 1. CAN_H short to CAN_L 2. CAN_H or CAN_L short to Battery or Ground. 3. Transceiver fail | L135: 1. CAN_H短接CAN_L 2. CAN_H 或 CAN_L 對電池或接地短路。 | M135: 1. CAN_H短接CAN_L 2. CAN_H 或 CAN_L 对电池或接地短路。 3. | N135: none | O135: none | P135: none | Q135: 0x22 | R135: Communication type fault | S135: <10ms | T135: ECU detected bus off. | U135: ECU not in sleep mode. | V135: ECU BUS OFF state continues for 1 sec. | W135: ECU detected no bus off. | X135: ECU not in sleep mode. | Y135: Execute two level bus-off recovery according to FSE-F00500. | Z135: Execute two level bus-off recovery according to FSE-F00500. | AA135: ECU detected no bus off. | AB135: ECU detected no bus off. | AC135: aging Counter reach to 40. | AD135: none | AE135: (IP26)CAN_5_L (CAN_T-BOX_L) (IP27)CAN_5_H (CAN_T-BOX_H) | BA135: FD-M | BB135: DRIVING_CYCLE | BC135: 1 | BD135: 40 | BE135: V | BF135: ISO/SAE controlled
A136: 130 | E136: Y | F136: U008088 | G136: 0xC08088 | H136: CAN 6 bus off failure | I136: CAN 6 總線關閉 | J136: CAN 6 总线关闭 | K136: 1. CAN_H short to CAN_L 2. CAN_H or CAN_L short to Battery or Ground. 3. Transceiver fail | L136: 1. CAN_H短接CAN_L 2. CAN_H 或 CAN_L 對電池或接地短路。 | M136: 1. CAN_H短接CAN_L 2. CAN_H 或 CAN_L 对电池或接地短路。 3. | N136: none | O136: none | P136: none | Q136: 0x22 | R136: Communication type fault | S136: <10ms | T136: ECU detected bus off. | U136: ECU not in sleep mode. | V136: ECU BUS OFF state continues for 1 sec. | W136: ECU detected no bus off. | X136: ECU not in sleep mode. | Y136: Execute two level bus-off recovery according to FSE-F00500. | Z136: Execute two level bus-off recovery according to FSE-F00500. | AA136: ECU detected no bus off. | AB136: ECU detected no bus off. | AC136: aging Counter reach to 40. | AD136: none | AE136: (IP24)CAN_6_L (CAN_OBD_L) (IP25)CAN_6_H (CAN_OBD_H) | BA136: FD-M | BB136: DRIVING_CYCLE | BC136: 1 | BD136: 40 | BE136: V | BF136: ISO/SAE controlled
A137: 131 | E137: Y | F137: U008988 | G137: 0xC08988 | H137: CAN GBDC bus off failure | I137: CAN GBDC 總線關閉 | J137: CAN GBDC 总线关闭 | K137: 1. CAN_H short to CAN_L 2. CAN_H or CAN_L short to Battery or Ground. 3. Transceiver fail | L137: 1. CAN_H短接CAN_L 2. CAN_H 或 CAN_L 對電池或接地短路。 | M137: 1. CAN_H短接CAN_L 2. CAN_H 或 CAN_L 对电池或接地短路。 3. | N137: none | O137: none | P137: none | Q137: 0x22 | R137: Communication type fault | S137: <10ms | T137: ECU detected bus off. | U137: ECU not in sleep mode. | V137: ECU BUS OFF state continues for 1 sec. | W137: ECU detected no bus off. | X137: ECU not in sleep mode. | Y137: Execute two level bus-off recovery according to FSE-F00500. | Z137: Execute two level bus-off recovery according to FSE-F00500. | AA137: ECU detected no bus off. | AB137: ECU detected no bus off. | AC137: aging Counter reach to 40. | AD137: none | AE137: (F21)CAN_GBDC1 L (F22)CAN_GBDC1 H | BA137: FD-M | BB137: DRIVING_CYCLE | BC137: 1 | BD137: 40 | BE137: V | BF137: ISO/SAE controlled
A138: 132 | E138: Y | F138: U009288 | G138: 0xC09288 | H138: CAN DKC bus off failure | I138: CAN DKC 總線關閉 | J138: CAN DKC 总线关闭 | K138: 1. CAN_H short to CAN_L 2. CAN_H or CAN_L short to Battery or Ground. 3. Transceiver fail | L138: 1. CAN_H短接CAN_L 2. CAN_H 或 CAN_L 對電池或接地短路。 | M138: 1. CAN_H短接CAN_L 2. CAN_H 或 CAN_L 对电池或接地短路。 3. | N138: none | O138: none | P138: none | Q138: 0x22 | R138: Communication type fault | S138: <10ms | T138: ECU detected bus off. | U138: ECU not in sleep mode. | V138: ECU BUS OFF state continues for 1 sec. | W138: ECU detected no bus off. | X138: ECU not in sleep mode. | Y138: Execute two level bus-off recovery according to FSE-F00500. | Z138: Execute two level bus-off recovery according to FSE-F00500. | AA138: ECU detected no bus off. | AB138: ECU detected no bus off. | AC138: aging Counter reach to 40. | AD138: none | BA138: FD-M | BB138: DRIVING_CYCLE | BC138: 1 | BD138: 40 | BE138: V | BF138: ISO/SAE controlled
A139: 133 | E139: Y | F139: U00288F | G139: 0xC0288F | H139: CAN 1 Communcation Bus Error | I139: CAN 1 通訊異常 | J139: CAN 1 通讯异常 | K139: 1. CAN hardware failure, including CAN-H and CAN-L; 2. Bus line is broken; 3. Bus is interfered; 4. Random hardware failure of other network node; | L139: 1. CAN硬體故障，包括CAN-H和CAN-L； 2. 匯流排線路斷線； 3. 匯流排受到幹擾； 4. 其他網路節點隨機硬體失效； | M139: 1. CAN硬件故障，包括CAN-H和CAN-L； 2. 总线线路断线； 3. 总线受到干扰； 4. 其他网络节点随机硬件失效； | N139: 1. Check the connector contact status 2. Check for broken lines 3. Check whether ECU power supply is abnormal(Same 12Vbattery voltage) 4. Confirm whether there is any noise interference caused by non-original power equipment | O139: 1.檢查連接器接觸狀態 2.檢查線路破損 3.檢查控制器供電是否異常(同12V電瓶電壓) 4.確認是否有非原廠功率設備導致雜訊干擾 | P139: 1.检查连接器接触状态 2.检查线路破损 3.检查控制器供电是否异常(同12V电瓶电压) 4.确认是否有非原厂功率设备导致噪声干扰 | Q139: 0x40 | R139: Communication type fault | S139: <10ms | T139: ECU CAN controller Tx or Rx error count > 0. | U139: Vehicle power state is in ON or Ready. | V139: ECU CAN controller Tx or Rx error count > 0. | W139: ECU CAN controller Tx and Rx error count = 0. | X139: Vehicle power state is in ON or Ready. | Y139: None. | Z139: None. | AA139: None. | AB139: None. | AC139: aging Counter reach to 20. | AD139: none | AE139: Smart factory | BA139: FD-M | BB139: DRIVING_CYCLE | BC139: 1 | BD139: 20 | BE139: N | BF139: ISO/SAE controlled
A140: 134 | E140: Y | F140: U00378F | G140: 0xC0378F | H140: CAN 2 Communcation Bus Error | I140: CAN 2 通訊異常 | J140: CAN 2 通讯异常 | K140: 1. CAN hardware failure, including CAN-H and CAN-L; 2. Bus line is broken; 3. Bus is interfered; 4. Random hardware failure of other network node; | L140: 1. CAN硬體故障，包括CAN-H和CAN-L； 2. 匯流排線路斷線； 3. 匯流排受到幹擾； 4. 其他網路節點隨機硬體失效； | M140: 1. CAN硬件故障，包括CAN-H和CAN-L； 2. 总线线路断线； 3. 总线受到干扰； 4. 其他网络节点随机硬件失效； | N140: 1. Check the connector contact status 2. Check for broken lines 3. Check whether ECU power supply is abnormal(Same 12Vbattery voltage) 4. Confirm whether there is any noise interference caused by non-original power equipment | O140: 1.檢查連接器接觸狀態 2.檢查線路破損 3.檢查控制器供電是否異常(同12V電瓶電壓) 4.確認是否有非原廠功率設備導致雜訊干擾 | P140: 1.检查连接器接触状态 2.检查线路破损 3.检查控制器供电是否异常(同12V电瓶电压) 4.确认是否有非原厂功率设备导致噪声干扰 | Q140: 0x40 | R140: Communication type fault | S140: <10ms | T140: ECU CAN controller Tx or Rx error count > 0. | U140: Vehicle power state is in ON or Ready. | V140: ECU CAN controller Tx or Rx error count > 0. | W140: ECU CAN controller Tx and Rx error count = 0. | X140: Vehicle power state is in ON or Ready. | Y140: None. | Z140: None. | AA140: None. | AB140: None. | AC140: aging Counter reach to 20. | AD140: none | AE140: Smart factory | BA140: FD-M | BB140: DRIVING_CYCLE | BC140: 1 | BD140: 20 | BE140: N | BF140: ISO/SAE controlled
A141: 135 | E141: Y | F141: U00468F | G141: 0xC0468F | H141: CAN 3 Communcation Bus Error | I141: CAN 3 通訊異常 | J141: CAN 3 通讯异常 | K141: 1. CAN hardware failure, including CAN-H and CAN-L; 2. Bus line is broken; 3. Bus is interfered; 4. Random hardware failure of other network node; | L141: 1. CAN硬體故障，包括CAN-H和CAN-L； 2. 匯流排線路斷線； 3. 匯流排受到幹擾； 4. 其他網路節點隨機硬體失效； | M141: 1. CAN硬件故障，包括CAN-H和CAN-L； 2. 总线线路断线； 3. 总线受到干扰； 4. 其他网络节点随机硬件失效； | N141: 1. Check the connector contact status 2. Check for broken lines 3. Check whether ECU power supply is abnormal(Same 12Vbattery voltage) 4. Confirm whether there is any noise interference caused by non-original power equipment | O141: 1.檢查連接器接觸狀態 2.檢查線路破損 3.檢查控制器供電是否異常(同12V電瓶電壓) 4.確認是否有非原廠功率設備導致雜訊干擾 | P141: 1.检查连接器接触状态 2.检查线路破损 3.检查控制器供电是否异常(同12V电瓶电压) 4.确认是否有非原厂功率设备导致噪声干扰 | Q141: 0x40 | R141: Communication type fault | S141: <10ms | T141: ECU CAN controller Tx or Rx error count > 0. | U141: Vehicle power state is in ON or Ready. | V141: ECU CAN controller Tx or Rx error count > 0. | W141: ECU CAN controller Tx and Rx error count = 0. | X141: Vehicle power state is in ON or Ready. | Y141: None. | Z141: None. | AA141: None. | AB141: None. | AC141: aging Counter reach to 20. | AD141: none | AE141: Smart factory | BA141: FD-M | BB141: DRIVING_CYCLE | BC141: 1 | BD141: 20 | BE141: N | BF141: ISO/SAE controlled
A142: 136 | E142: Y | F142: U00558F | G142: 0xC0558F | H142: CAN 4 Communcation Bus Error | I142: CAN 4 通訊異常 | J142: CAN 4 通讯异常 | K142: 1. CAN hardware failure, including CAN-H and CAN-L; 2. Bus line is broken; 3. Bus is interfered; 4. Random hardware failure of other network node; | L142: 1. CAN硬體故障，包括CAN-H和CAN-L； 2. 匯流排線路斷線； 3. 匯流排受到幹擾； 4. 其他網路節點隨機硬體失效； | M142: 1. CAN硬件故障，包括CAN-H和CAN-L； 2. 总线线路断线； 3. 总线受到干扰； 4. 其他网络节点随机硬件失效； | N142: 1. Check the connector contact status 2. Check for broken lines 3. Check whether ECU power supply is abnormal(Same 12Vbattery voltage) 4. Confirm whether there is any noise interference caused by non-original power equipment | O142: 1.檢查連接器接觸狀態 2.檢查線路破損 3.檢查控制器供電是否異常(同12V電瓶電壓) 4.確認是否有非原廠功率設備導致雜訊干擾 | P142: 1.检查连接器接触状态 2.检查线路破损 3.检查控制器供电是否异常(同12V电瓶电压) 4.确认是否有非原厂功率设备导致噪声干扰 | Q142: 0x40 | R142: Communication type fault | S142: <10ms | T142: ECU CAN controller Tx or Rx error count > 0. | U142: Vehicle power state is in ON or Ready. | V142: ECU CAN controller Tx or Rx error count > 0. | W142: ECU CAN controller Tx and Rx error count = 0. | X142: Vehicle power state is in ON or Ready. | Y142: None. | Z142: None. | AA142: None. | AB142: None. | AC142: aging Counter reach to 20. | AD142: none | AE142: Smart factory | BA142: FD-M | BB142: DRIVING_CYCLE | BC142: 1 | BD142: 20 | BE142: N | BF142: ISO/SAE controlled
A143: 137 | E143: Y | F143: U00648F | G143: 0xC0648F | H143: CAN 5 Communcation Bus Error | I143: CAN 5 通訊異常 | J143: CAN 5 通讯异常 | K143: 1. CAN hardware failure, including CAN-H and CAN-L; 2. Bus line is broken; 3. Bus is interfered; 4. Random hardware failure of other network node; | L143: 1. CAN硬體故障，包括CAN-H和CAN-L； 2. 匯流排線路斷線； 3. 匯流排受到幹擾； 4. 其他網路節點隨機硬體失效； | M143: 1. CAN硬件故障，包括CAN-H和CAN-L； 2. 总线线路断线； 3. 总线受到干扰； 4. 其他网络节点随机硬件失效； | N143: 1. Check the connector contact status 2. Check for broken lines 3. Check whether ECU power supply is abnormal(Same 12Vbattery voltage) 4. Confirm whether there is any noise interference caused by non-original power equipment | O143: 1.檢查連接器接觸狀態 2.檢查線路破損 3.檢查控制器供電是否異常(同12V電瓶電壓) 4.確認是否有非原廠功率設備導致雜訊干擾 | P143: 1.检查连接器接触状态 2.检查线路破损 3.检查控制器供电是否异常(同12V电瓶电压) 4.确认是否有非原厂功率设备导致噪声干扰 | Q143: 0x40 | R143: Communication type fault | S143: <10ms | T143: ECU CAN controller Tx or Rx error count > 0. | U143: Vehicle power state is in ON or Ready. | V143: ECU CAN controller Tx or Rx error count > 0. | W143: ECU CAN controller Tx and Rx error count = 0. | X143: Vehicle power state is in ON or Ready. | Y143: None. | Z143: None. | AA143: None. | AB143: None. | AC143: aging Counter reach to 20. | AD143: none | AE143: Smart factory | BA143: FD-M | BB143: DRIVING_CYCLE | BC143: 1 | BD143: 20 | BE143: N | BF143: ISO/SAE controlled
A144: 138 | E144: Y | F144: U00808F | G144: 0xC0808F | H144: CAN 6 Communcation Bus Error | I144: CAN 6 通訊異常 | J144: CAN 6 通讯异常 | K144: 1. CAN hardware failure, including CAN-H and CAN-L; 2. Bus line is broken; 3. Bus is interfered; 4. Random hardware failure of other network node; | L144: 1. CAN硬體故障，包括CAN-H和CAN-L； 2. 匯流排線路斷線； 3. 匯流排受到幹擾； 4. 其他網路節點隨機硬體失效； | M144: 1. CAN硬件故障，包括CAN-H和CAN-L； 2. 总线线路断线； 3. 总线受到干扰； 4. 其他网络节点随机硬件失效； | N144: 1. Check the connector contact status 2. Check for broken lines 3. Check whether ECU power supply is abnormal(Same 12Vbattery voltage) 4. Confirm whether there is any noise interference caused by non-original power equipment | O144: 1.檢查連接器接觸狀態 2.檢查線路破損 3.檢查控制器供電是否異常(同12V電瓶電壓) 4.確認是否有非原廠功率設備導致雜訊干擾 | P144: 1.检查连接器接触状态 2.检查线路破损 3.检查控制器供电是否异常(同12V电瓶电压) 4.确认是否有非原厂功率设备导致噪声干扰 | Q144: 0x40 | R144: Communication type fault | S144: <10ms | T144: ECU CAN controller Tx or Rx error count > 0. | U144: Vehicle power state is in ON or Ready. | V144: ECU CAN controller Tx or Rx error count > 0. | W144: ECU CAN controller Tx and Rx error count = 0. | X144: Vehicle power state is in ON or Ready. | Y144: None. | Z144: None. | AA144: None. | AB144: None. | AC144: aging Counter reach to 20. | AD144: none | AE144: Smart factory | BA144: FD-M | BB144: DRIVING_CYCLE | BC144: 1 | BD144: 20 | BE144: N | BF144: ISO/SAE controlled
A145: 139 | E145: Y | F145: U00898F | G145: 0xC0898F | H145: CAN GBDC Communcation Bus Error | I145: CAN GBDC 通訊異常 | J145: CAN GBDC 通讯异常 | K145: 1. CAN hardware failure, including CAN-H and CAN-L; 2. Bus line is broken; 3. Bus is interfered; 4. Random hardware failure of other network node; | L145: 1. CAN硬體故障，包括CAN-H和CAN-L； 2. 匯流排線路斷線； 3. 匯流排受到幹擾； 4. 其他網路節點隨機硬體失效； | M145: 1. CAN硬件故障，包括CAN-H和CAN-L； 2. 总线线路断线； 3. 总线受到干扰； 4. 其他网络节点随机硬件失效； | N145: 1. Check the connector contact status 2. Check for broken lines 3. Check whether ECU power supply is abnormal(Same 12Vbattery voltage) 4. Confirm whether there is any noise interference caused by non-original power equipment | O145: 1.檢查連接器接觸狀態 2.檢查線路破損 3.檢查控制器供電是否異常(同12V電瓶電壓) 4.確認是否有非原廠功率設備導致雜訊干擾 | P145: 1.检查连接器接触状态 2.检查线路破损 3.检查控制器供电是否异常(同12V电瓶电压) 4.确认是否有非原厂功率设备导致噪声干扰 | Q145: 0x40 | R145: Communication type fault | S145: <10ms | T145: ECU CAN controller Tx or Rx error count > 0. | U145: Vehicle power state is in ON or Ready. | V145: ECU CAN controller Tx or Rx error count > 0. | W145: ECU CAN controller Tx and Rx error count = 0. | X145: Vehicle power state is in ON or Ready. | Y145: None. | Z145: None. | AA145: None. | AB145: None. | AC145: aging Counter reach to 20. | AD145: none | AE145: Smart factory | BA145: FD-M | BB145: DRIVING_CYCLE | BC145: 1 | BD145: 20 | BE145: N | BF145: ISO/SAE controlled
A146: 140 | E146: Y | F146: U00928F | G146: 0xC0928F | H146: CAN DKC Communcation Bus Error | I146: CAN DKC 通訊異常 | J146: CAN DKC1 通讯异常 | K146: 1. CAN hardware failure, including CAN-H and CAN-L; 2. Bus line is broken; 3. Bus is interfered; 4. Random hardware failure of other network node; | L146: 1. CAN硬體故障，包括CAN-H和CAN-L； 2. 匯流排線路斷線； 3. 匯流排受到幹擾； 4. 其他網路節點隨機硬體失效； | M146: 1. CAN硬件故障，包括CAN-H和CAN-L； 2. 总线线路断线； 3. 总线受到干扰； 4. 其他网络节点随机硬件失效； | N146: 1. Check the connector contact status 2. Check for broken lines 3. Check whether ECU power supply is abnormal(Same 12Vbattery voltage) 4. Confirm whether there is any noise interference caused by non-original power equipment | O146: 1.檢查連接器接觸狀態 2.檢查線路破損 3.檢查控制器供電是否異常(同12V電瓶電壓) 4.確認是否有非原廠功率設備導致雜訊干擾 | P146: 1.检查连接器接触状态 2.检查线路破损 3.检查控制器供电是否异常(同12V电瓶电压) 4.确认是否有非原厂功率设备导致噪声干扰 | Q146: 0x40 | R146: Communication type fault | S146: <10ms | T146: ECU CAN controller Tx or Rx error count > 0. | U146: Vehicle power state is in ON or Ready. | V146: ECU CAN controller Tx or Rx error count > 0. | W146: ECU CAN controller Tx and Rx error count = 0. | X146: Vehicle power state is in ON or Ready. | Y146: None. | Z146: None. | AA146: None. | AB146: None. | AC146: aging Counter reach to 20. | AD146: none | AE146: Smart factory | BA146: FD-M | BB146: DRIVING_CYCLE | BC146: 1 | BD146: 20 | BE146: N | BF146: ISO/SAE controlled
A147: 141 | E147: Y | F147: B100601 | G147: 0x900601 | H147: MDA initialization failed | I147: MDA初始化失敗 | J147: MDA初始化失败 | K147: FDC initialization failed. Possible reasons are: (1)FDC software abnormality (2)FDC hardware is damaged | L147: MDA初始化失敗，可能原因為： (1)FDC軟體異常 (2)FDC硬體損壞 | M147: MDA初始化失败，可能原因为： (1)FDC软件异常 (2)FDC硬件损坏 | N147: 1. Temporarily remove battery for a while (5~10s) and connect it back to restarting fusion domain controller. | O147: (1)分析OTA相關log檔。 (2)透過診斷器刷新FDC軟體。 (3)更換FDC主機。 | P147: (1)分析OTA相关log档。 (2)透过诊断器刷新FDC软件。 (3)更换FDC主机。 | Q147: 0x40 | R147: Software fault | S147: Event trigger | T147: none | U147: none | V147: none | W147: none | X147: none | Y147: none | Z147: none | AA147: none | AB147: none | AC147: none, should clear this DTC by diagnostic tool. | AD147: none | BA147: OTA | BB147: UPDATE_CYCLE | BC147: 1 | BD147: none | BE147: N | BF147: Manufacturer controlled
A148: 142 | E148: Y | F148: B100602 | G148: 0x900602 | H148: MDA Service alive check failed | I148: MDA服務運作同步檢查失敗 | J148: MDA服务运作同步检查失败 | K148: MDA service alive check failed. Possible reasons are: (1)FDC software abnormality (2)FDC hardware is damaged | L148: MDA初始化失敗，可能原因為： (1)FDC軟體異常 (2)FDC硬體損壞 | M148: MDA初始化失败，可能原因为： (1)FDC软件异常 (2)FDC硬件损坏 | N148: 1. Temporarily remove battery for a while (5~10s) and connect it back to restarting fusion domain controller. | O148: (1)分析OTA相關log檔。 (2)透過診斷器刷新FDC軟體。 (3)更換FDC主機。 | P148: (1)分析OTA相关log档。 (2)透过诊断器刷新FDC软件。 (3)更换FDC主机。 | Q148: 0x40 | R148: Software fault | S148: Event trigger | T148: none | U148: none | V148: none | W148: none | X148: none | Y148: none | Z148: none | AA148: none | AB148: none | AC148: none, should clear this DTC by diagnostic tool. | AD148: none | BA148: OTA | BB148: UPDATE_CYCLE | BC148: 1 | BD148: none | BE148: N | BF148: Manufacturer controlled
A149: 143 | E149: Y | F149: B100603 | G149: 0x900603 | H149: Upgrade process abort abnormally due to power state not ON | I149: 更新程式異常中止(電源非ON) | J149: 更新程序异常中止(电源非ON) | K149: The power status switches away from the ON state due to other important reasons. Possible reasons are: (1) The large power system is abnormal, causing the VCU to forcefully unload the large power. (2) The SOC of the large power supply has been lower than 20%, causing the VCU to forcefully unload the large power supply. | L149: 電源狀態因其他重要原因而切換離開ON的狀態，可能原因為： (1)大電力系統異常，導致VCU強制卸載大電。 (2)大電SOC已低於20%，導致VCU強制卸載大電。 | M149: 电源状态因其他重要原因而切换离开ON的状态，可能原因为： (1)大电力系统异常，导致VCU强制卸载大电。 (2)大电SOC已低于20%，导致VCU强制卸载大电。 | N149: (1) Check the large power system lines. (2) Check whether the large power system controller is abnormal or damaged. | O149: (1)檢查大電力系統線路。 (2)檢查大電力系統控制器是否異常或損壞。 | P149: (1)检查大电力系统线路。 (2)检查大电力系统控制器是否异常或损坏。 | Q149: 0x40 | R149: Vehicle system fault. | S149: Power Sta is 100ms. | T149: none | U149: none | V149: none | W149: none | X149: none | Y149: none | Z149: none | AA149: none | AB149: none | AC149: none, should clear this DTC by diagnostic tool. | AD149: none | BA149: OTA | BB149: UPDATE_CYCLE | BC149: 1 | BD149: none | BE149: N | BF149: Manufacturer controlled
A150: 144 | E150: Y | F150: B100604 | G150: 0x900604 | H150: Upgrade process abort abnormally due to power state not Standby | I150: 更新程式異常中止(電源非Standby) | J150: 更新程序异常中止(电源非Standby) | K150: 电源状态因其他重要原因而切换离开Standby的状态，可能原因为： (1)小电瓶电压过低，导致VCU强制切除小电供应。 | L150: 電源狀態因其他重要原因而切換離開Standby的狀態，可能原因為： (1)小電瓶電壓過低，導致VCU強制切除小電供應。 | M150: 电源状态因其他重要原因而切换离开Standby的状态，可能原因为： (1)小电瓶电压过低，导致VCU强制切除小电供应。 | N150: (1) Check whether the small battery is damaged or the battery is too low. (2) Check whether the VCU has other abnormal fault codes. | O150: (1)檢查小電瓶是否損壞或電量過低。 (2)檢查VCU是否有其他異常故障碼。 | P150: (1)检查小电瓶是否损坏或电量过低。 (2)检查VCU是否有其他异常故障码。 | Q150: 0x40 | R150: Vehicle system fault. | S150: Power Sta is 100ms. | T150: none | U150: none | V150: none | W150: none | X150: none | Y150: none | Z150: none | AA150: none | AB150: none | AC150: none, should clear this DTC by diagnostic tool. | AD150: none | BA150: OTA | BB150: UPDATE_CYCLE | BC150: 1 | BD150: none | BE150: N | BF150: Manufacturer controlled
A151: 145 | E151: Y | F151: B100605 | G151: 0x900605 | H151: Upgrade process abort abnormally - lost communication with MDA | I151: 更新程式異常中止(與MDA失去通訊) | J151: 更新程式异常中止(与MDA失去通讯) | K151: The update process aborted abnormally. Possible reasons are: (1)FDC hardware is damaged (2)FDC software abnormality | L151: 更新程序異常中止，可能原因為： (1)FDC硬體損壞 (2)FDC軟體異常 | M151: 更新程序异常中止，可能原因为： (1)FDC硬体损坏 (2)FDC软体异常 | N151: (1) Analyze OTA related log files. (2) Refresh the FDC software through the diagnostic tool. (3) Replace the FDC host. | O151: (1)分析OTA相關log檔。 (2)透過診斷器刷新FDC軟體。 (3)更換FDC主機。 | P151: (1)分析OTA相关log档。 (2)透过诊断器刷新FDC软件。 (3)更换FDC主机。 | Q151: 0x40 | R151: Software fault | S151: Event trigger | T151: none | U151: none | V151: none | W151: none | X151: none | Y151: none | Z151: none | AA151: none | AB151: none | AC151: none, should clear this DTC by diagnostic tool. | AD151: none | BA151: OTA | BB151: UPDATE_CYCLE | BC151: 1 | BD151: none | BE151: N | BF151: Manufacturer controlled
A152: 146 | E152: Y | F152: B100606 | G152: 0x900606 | H152: ECU OTA upgrade failed | I152: OTA更新控制器失敗 | J152: OTA更新控制器失败 | K152: The controller update failed. Possible reasons are: (1) The controller hardware is damaged (2) The controller software is abnormal (3) The controller’s power supply is abnormal (4) The CAN bus to which the controller belongs is abnormal | L152: 控制器更新失敗，可能原因為： (1)該控制器硬體損壞 (2)該控制器軟體異常 (3)該控制器電源異常 (4)該控制器所屬CAN總線異常 | M152: 控制器更新失败，可能原因为： (1)该控制器硬体损坏 (2)该控制器电源状态异常 (3)该控制器所属CAN总线异常 | N152: (1) Check whether the ECU wiring harness and CAN communication status are normal. (2) Check the CAN communication between ECU and FDC. (3) Use diagnostic tools to refresh the ECU. (4) Replace the ECU | O152: (1)檢查ECU線束及CAN通訊狀態是否正常。 (2) 檢查ECU與FDC間的CAN通訊。 (3) 用診斷工具刷新ECU。 (4)更換該ECU | P152: (1)检查ECU线束及CAN通讯状态是否正常。 (2) 检查ECU与FDC间的CAN通讯。 (3) 用诊断工具刷新ECU。 (4)更换该ECU | Q152: 0x40 | R152: Software fault Hardware fault | S152: Event trigger | T152: none | U152: none | V152: none | W152: none | X152: none | Y152: none | Z152: none | AA152: none | AB152: none | AC152: none, should clear this DTC by diagnostic tool. | AD152: none | BA152: OTA | BB152: UPDATE_CYCLE | BC152: 1 | BD152: none | BE152: N | BF152: Manufacturer controlled
A153: 147 | E153: Y | F153: B100607 | G153: 0x900607 | H153: FDC storage abnormal | I153: FDC存取空間異常 | J153: FDC存取空间异常 | K153: FDC access space is abnormal. Possible reasons are: (1)FDC software abnormality (2)FDC hardware is damaged | L153: FDC存取空間異常，可能原因為： (1)FDC軟體異常 (2)FDC硬體損壞 | M153: FDC存取空间异常，可能原因为： (1)FDC软体异常 (2)FDC硬体损坏 | N153: (1) Analyze OTA related log files. (2) Refresh the FDC software through the diagnostic tool. (3) Replace the FDC host. | O153: (1)分析OTA相關log檔。 (2)透過診斷器刷新FDC軟體。 (3)更換FDC主機。 | P153: (1)分析OTA相关log档。 (2)透过诊断器刷新FDC软件。 (3)更换FDC主机。 | Q153: 0x40 | R153: Software fault | S153: Event trigger | T153: none | U153: none | V153: none | W153: none | X153: none | Y153: none | Z153: none | AA153: none | AB153: none | AC153: none, should clear this DTC by diagnostic tool. | AD153: none | BA153: OTA | BB153: UPDATE_CYCLE | BC153: 1 | BD153: none | BE153: N | BF153: Manufacturer controlled
A154: 148 | E154: Y | F154: B100401 | G154: 0x900401 | H154: FDC_THCM_APTCWarning_Sta | I154: HV isoimpedance絕緣阻抗異常 | J154: 高壓絕緣阻抗異常 | K154: HV isoimpedance abnormal | L154: 高壓絕緣阻抗異常 | M154: 高壓 絕緣阻抗異常 | N154: Step1:check APTC wiring Step2:check APTC isoimpedance | O154: 1.檢查Air PTC線路 2.檢查Air PTC線路絕緣阻抗 | P154: 1.檢查Air PTC線路 2.檢查Air PTC線路絕緣阻抗 | Q154: 0x40 | R154: Load type fault | S154: 100 ms | T154: FDC_THCM_APTCWarning_Sta=1 | U154: when vehicle power state is not OFF | V154: FDC_THCM_APTCWarning_Sta=1 for 2S | W154: FDC_THCM_APTCWarning_Sta=0 for 2S | X154: when vehicle power state is not OFF | Y154: none | Z154: 1. IVI popup warning 2. recover air ptc function after the DTC clean up | AA154: none | AB154: none | AC154: History DTC is always exist unless the software or calibration files is updated. | AD154: none | BA154: THCM | BB154: DRIVING_CYCLE | BC154: 1 | BD154: 40 | BE154: N | BF154: Manufacturer controlled
A155: 149 | E155: Y | F155: C100B01 | G155: 0x500B01 | H155: Left Forward Wheel Pressure too Low | I155: 左前輪胎壓過低 | J155: 左前轮胎压过低 | K155: 1.Tire pressure less than the low pressure threshold. 2.Punctured tire. 3.When the temperature changes greatly, the tire pressure calibrate function is not used in time. | L155: 1.胎壓值低於低壓報警門檻。 2.爆胎。 3.當氣溫變化較大時，沒有及時使用胎壓校正正功能。 | M155: 1.胎压值低于低压报警门坎。 2.爆胎。 3.当气温变化较大时，没有及时使用胎压校正正功能。 | N155: Check whether the left front tire pressure is lower than the minimum tire pressure of 210kPa (30.45psi), or there is a sudden change in tire pressure (tire puncture) Please check the tires and make sure the left front tire pressure is adjusted to the factory tire pressure of 42psi | O155: 確認左前輪胎胎壓是否低於最低胎壓210kPa(30.45psi)，或胎壓有急遽變化(輪胎戳穿) 請檢查輪胎，確保左前胎壓調整至出廠胎壓42psi | P155: 确认左前轮胎胎压是否低于最低胎压210kPa(30.45psi)，或胎压有急遽变化(轮胎戳穿) 请检查轮胎，确保左前胎压调整至出厂胎压42psi | Q155: 0x40 | R155: tire pressure type fault | S155: 100ms | T155: Left Forward Wheel Pressure is less than or equal to the low pressure threshold. | U155: When PwrSta =STANDBY or =ON or =READY | V155: The testFail detected for 3 times. | W155: Left Forward Wheel Pressure is more than (the low pressure threshold)+2psi. | X155: When PwrSta =STANDBY or =ON or =READY | Y155: none | Z155: none | AA155: none | AB155: none | AC155: none | AD155: none | BA155: TPM | BB155: DRIVING_CYCLE | BC155: 1 | BD155: 40 | BE155: N | BF155: Manufacturer controlled
A156: 150 | E156: Y | F156: C100B02 | G156: 0x500B02 | H156: Right Forward Wheel Pressure too Low | I156: 右前輪胎壓過低 | J156: 右前轮胎压过低 | K156: 1.Tire pressure less than the low pressure threshold. 2.Punctured tire. 3.When the temperature changes greatly, the tire pressure calibrate function is not used in time. | L156: 1.胎壓值低於低壓報警門檻。 2.爆胎。 3.當氣溫變化較大時，沒有及時使用胎壓校正正功能。 | M156: 1.胎压值低于低压报警门坎。 2.爆胎。 3.当气温变化较大时，没有及时使用胎压校正正功能。 | N156: Check whether the tire pressure of the right front tire is lower than the minimum tire pressure of 210kPa (30.45psi), or there is a sudden change in tire pressure (tire puncture) Please check the tires and make sure the right front tire pressure is adjusted to the factory tire pressure of 42psi | O156: 確認右前輪胎胎壓是否低於最低胎壓210kPa(30.45psi)，或胎壓有急遽變化(輪胎戳穿) 請檢查輪胎，確保右前胎壓調整至出廠胎壓42psi | P156: 确认右前轮胎胎压是否低于最低胎压210kPa(30.45psi)，或胎压有急遽变化(轮胎戳穿) 请检查轮胎，确保右前胎压调整至出厂胎压42psi | Q156: 0x40 | R156: tire pressure type fault | S156: 100ms | T156: Right Forward Wheel Pressure is less than or equal to the low pressure threshold. | U156: When PwrSta =STANDBY or =ON or =READY | V156: The testFail detected for 3 times. | W156: Right Forward Wheel Pressure is more than (the low pressure threshold)+2psi. | X156: When PwrSta =STANDBY or =ON or =READY | Y156: none | Z156: none | AA156: none | AB156: none | AC156: none | AD156: none | BA156: TPM | BB156: DRIVING_CYCLE | BC156: 1 | BD156: 40 | BE156: N | BF156: Manufacturer controlled
A157: 151 | E157: Y | F157: C100B03 | G157: 0x500B03 | H157: Left Rear Wheel Pressure too Low | I157: 左後輪胎壓過低 | J157: 左后轮胎压过低 | K157: 1.Tire pressure less than the low pressure threshold. 2.Punctured tire. 3.When the temperature changes greatly, the tire pressure calibrate function is not used in time. | L157: 1.胎壓值低於低壓報警門檻。 2.爆胎。 3.當氣溫變化較大時，沒有及時使用胎壓校正正功能。 | M157: 1.胎压值低于低压报警门坎。 2.爆胎。 3.当气温变化较大时，没有及时使用胎压校正正功能。 | N157: Check whether the left rear tire is 210kPa (30.45psi) lower than the minimum tire pressure, or there is a sudden change in tire pressure (tire puncture) Please check the tires and make sure the left rear tire pressure is adjusted to the factory tire pressure of 42psi | O157: 確認左後輪胎是否低於最低胎壓210kPa(30.45psi)，或胎壓有急遽變化(輪胎戳穿) 請檢查輪胎，確保左後胎壓調整至出廠胎壓42psi | P157: 确认左后轮胎是否低于最低胎压210kPa(30.45psi)，或胎压有急遽变化(轮胎戳穿) 请检查轮胎，确保左后胎压调整至出厂胎压42psi | Q157: 0x40 | R157: tire pressure type fault | S157: 100ms | T157: Left Rear Wheel Pressure is less than or equal to the low pressure threshold. | U157: When PwrSta =STANDBY or =ON or =READY | V157: The testFail detected for 3 times. | W157: Left Rear Wheel Pressure is more than (the low pressure threshold)+2psi. | X157: When PwrSta =STANDBY or =ON or =READY | Y157: none | Z157: none | AA157: none | AB157: none | AC157: none | AD157: none | BA157: TPM | BB157: DRIVING_CYCLE | BC157: 1 | BD157: 40 | BE157: N | BF157: Manufacturer controlled
A158: 152 | E158: Y | F158: C100B04 | G158: 0x500B04 | H158: Right Rear Wheel Pressure too Low | I158: 右後輪胎壓過低 | J158: 右后轮胎压过低 | K158: 1.Tire pressure less than the low pressure threshold. 2.Punctured tire. 3.When the temperature changes greatly, the tire pressure calibrate function is not used in time. | L158: 1.胎壓值低於低壓報警門檻。 2.爆胎。 3.當氣溫變化較大時，沒有及時使用胎壓校正正功能。 | M158: 1.胎压值低于低压报警门坎。 2.爆胎。 3.当气温变化较大时，没有及时使用胎压校正正功能。 | N158: Check whether the right rear tire is 210kPa (30.45psi) lower than the minimum tire pressure, or there is a sudden change in tire pressure (tire puncture) Please check the tires and make sure the right rear tire pressure is adjusted to the factory tire pressure of 42psi | O158: 確認右後輪胎是否低於最低胎壓210kPa(30.45psi)，或胎壓有急遽變化(輪胎戳穿) 請檢查輪胎，確保右後胎壓調整至出廠胎壓42psi | P158: 确认右后轮胎是否低于最低胎压210kPa(30.45psi)，或胎压有急遽变化(轮胎戳穿) 请检查轮胎，确保右后胎压调整至出厂胎压42psi | Q158: 0x40 | R158: tire pressure type fault | S158: 100ms | T158: Right Rear Wheel Pressure is less than or equal to the low pressure threshold. | U158: When PwrSta =STANDBY or =ON or =READY | V158: The testFail detected for 3 times. | W158: Right Rear Wheel Pressure is more than (the low pressure threshold)+2psi. | X158: When PwrSta =STANDBY or =ON or =READY | Y158: none | Z158: none | AA158: none | AB158: none | AC158: none | AD158: none | BA158: TPM | BB158: DRIVING_CYCLE | BC158: 1 | BD158: 40 | BE158: N | BF158: Manufacturer controlled
... A176: 170 | E176: Y | F176: U100206 | G176: 0xD00206 | H176: The CAN signal between VCU and CCU1 is incomplete | I176: 車輛控制器與二合一充電模組1間CAN信號不完整 | J176: 车辆控制器与二合一充电模块1间CAN信号不完整 | K176: 1. Electromagnetic interference or noise 2. The CAN system is faulty 3. The device is faulty or damaged 4. The cable is disconnected or in poor contact | L176: 1. 電磁幹擾或噪音 2. CAN系統故障 3. 設備故障或損壞 4. 電纜斷開或者接觸不良 | M176: 1. 电磁干扰或噪音 2. CAN系统故障 3. 设备故障或损坏 4. 电缆断开或者接触不良 | N176: 1. Please check whether the terminal of the wiring harness connector of the joint control module and the combined charging unit is damaged, bent, withdrawn or corroded. 2. Replace the combined charging unit | O176: 1.請檢查聯合控制模組與組合充電單元線束接頭端子是否有損壞、彎曲、退出或是腐蝕。 2.更換組合充電單元。 | P176: 1.请检查联合控制模块与组合充电单元线束接头端子是否有损坏、弯曲、退出或是腐蚀。 2.更换组合充电单元。 | Q176: 0x40 | R176: Communication type fault | S176: 10ms | T176: Monitor detect checksum not continue from CCU1 for 50ms continuously | U176: This CAN state ~= bus off (AND) This CAN message state ~= lost communication (AND) Vehicle power state ~= OFF | V176: After 2 time(s) of above detection continuously. (Total time for decision = 100ms) | W176: Monitor detect checksum continue from CCU1 for 400ms continuously | X176: Same as detection window. | Y176: None | Z176: 1. Set power output demand linearly decreases to the "Limp home" mode. (AND) 2. Set red indicator ON (AND) 3. DTC write into NVM 4. Vehicle malfunction LV2 POPUP | AA176: None | AB176: 1. Key OFF -> STANDBY (OR) 2. When clear DTC is requested (OR) 3. KDDM_CommErrDiagnosisOffSW = On | AC176: A history DTC clears when the module operation cycle counter reaches the reset threshold of 40, without a repeat of the malfunction. | AD176: None | BA176: VCU | BB176: DRIVING_CYCLE | BC176: 1 | BD176: 40 | BE176: N | BF176: Manufacturer controlled
A177: 171 | E177: Y | F177: U100207 | G177: 0xD00207 | H177: The CAN signal between VCU and CCU2 is discontinuous | I177: 車輛控制器與二合一充電模組2間CAN信號不連續 | J177: 车辆控制器与二合一充电模块2间CAN信号不连续 | K177: 1. Electromagnetic interference or noise 2. The CAN system is faulty 3. The device is faulty or damaged 4. The cable is disconnected or in poor contact | L177: 1. 電磁幹擾或噪音 2. CAN系統故障 3. 設備故障或損壞 4. 電纜斷開或者接觸不良 | M177: 1. 电磁干扰或噪音 2. CAN系统故障 3. 设备故障或损坏 4. 电缆断开或者接触不良 | N177: 1. Please check whether the terminal of the wiring harness connector of the joint control module and the combined charging unit is damaged, bent, withdrawn or corroded. 2. Replace the combined charging unit | O177: 1.請檢查聯合控制模組與組合充電單元線束接頭端子是否有損壞、彎曲、退出或是腐蝕。 2.更換組合充電單元。 | P177: 1.请检查联合控制模块与组合充电单元线束接头端子是否有损坏、弯曲、退出或是腐蚀。 2.更换组合充电单元。 | Q177: 0x40 | R177: Communication type fault | S177: 10ms | T177: Monitor detect life counter not continue from CCU2 for 500ms continuously | U177: This CAN state ~= bus off (AND) This CAN message state ~= lost communication (AND) Vehicle power state ~= OFF | V177: After 2 time(s) of above detection continuously. (Total time for decision = 1000ms) | W177: Monitor detect life counter continue from CCU2 for 4000ms continuously | X177: Same as detection window. | Y177: None | Z177: 1. Set power output demand linearly decreases to the "Limp home" mode. (AND) 2. Set red indicator ON (AND) 3. DTC write into NVM 4. Vehicle malfunction LV2 POPUP | AA177: None | AB177: 1. Key OFF -> STANDBY (OR) 2. When clear DTC is requested (OR) 3. KDDM_CommErrDiagnosisOffSW = On | AC177: A history DTC clears when the module operation cycle counter reaches the reset threshold of 40, without a repeat of the malfunction. | AD177: None | AE177: D31_01_SG005 FTTI: 1.8s Signal cycle time 100ms Current: FD:500*5=2500ms + Meter: 500ms =3s | BA177: VCU | BB177: DRIVING_CYCLE | BC177: 1 | BD177: 40 | BE177: N | BF177: Manufacturer controlled
A178: 172 | E178: Y | F178: U100208 | G178: 0xD00208 | H178: The CAN signal between VCU and CCU2 is incomplete | I178: 車輛控制器與二合一充電模組2間CAN信號不完整 | J178: 车辆控制器与二合一充电模块2间CAN信号不完整 | K178: 1. Electromagnetic interference or noise 2. The CAN system is faulty 3. The device is faulty or damaged 4. The cable is disconnected or in poor contact | L178: 1. 電磁幹擾或噪音 2. CAN系統故障 3. 設備故障或損壞 4. 電纜斷開或者接觸不良 | M178: 1. 电磁干扰或噪音 2. CAN系统故障 3. 设备故障或损坏 4. 电缆断开或者接触不良 | N178: 1. Please check whether the terminal of the wiring harness connector of the joint control module and the combined charging unit is damaged, bent, withdrawn or corroded. 2. Replace the combined charging unit | O178: 1.請檢查聯合控制模組與組合充電單元線束接頭端子是否有損壞、彎曲、退出或是腐蝕。 2.更換組合充電單元。 | P178: 1.请检查联合控制模块与组合充电单元线束接头端子是否有损坏、弯曲、退出或是腐蚀。 2.更换组合充电单元。 | Q178: 0x40 | R178: Communication type fault | S178: 10ms | T178: Monitor detect checksum not continue from CCU2 for 500ms continuously | U178: This CAN state ~= bus off (AND) This CAN message state ~= lost communication (AND) Vehicle power state ~= OFF | V178: After 2 time(s) of above detection continuously. (Total time for decision = 1000ms) | W178: Monitor detect checksum continue from CCU2 for 4000ms continuously | X178: Same as detection window. | Y178: None | Z178: 1. Set power output demand linearly decreases to the "Limp home" mode. (AND) 2. Set red indicator ON (AND) 3. DTC write into NVM 4. Vehicle malfunction LV2 POPUP | AA178: None | AB178: 1. Key OFF -> STANDBY (OR) 2. When clear DTC is requested (OR) 3. KDDM_CommErrDiagnosisOffSW = On | AC178: A history DTC clears when the module operation cycle counter reaches the reset threshold of 40, without a repeat of the malfunction. | AD178: None | AE178: D31_01_SG005 FTTI: 1.8s Signal cycle time 100ms Current: FD:500*5=2500ms + Meter: 500ms =3s | BA178: VCU | BB178: DRIVING_CYCLE | BC178: 1 | BD178: 40 | BE178: N | BF178: Manufacturer controlled
A179: 173 | E179: Y | F179: U100209 | G179: 0xD00209 | H179: The CAN signal between VCU and ABM1 is discontinuous | I179: 車輛控制器與安全氣囊模組模組1間CAN信號不連續 | J179: 车辆控制器与安全气囊模块模块1间CAN信号不连续 | K179: 1. Electromagnetic interference or noise 2. The CAN system is faulty 3. The device is faulty or damaged 4. The cable is disconnected or in poor contact | L179: 1. 電磁幹擾或噪音 2. CAN系統故障 3. 設備故障或損壞 4. 電纜斷開或者接觸不良 | M179: 1. 电磁干扰或噪音 2. CAN系统故障 3. 设备故障或损坏 4. 电缆断开或者接触不良 | N179: 1. Please check whether the terminals of the joint control module and the SRS-ECU wiring harness connector are damaged, bent, exited or corroded. 2. Replace the SRS-ECU. | O179: 1.請檢查聯合控制模組與SRS-ECU線束接頭端子是否有損壞、彎曲、退出或是腐蝕。 2.更換SRS-ECU。 | P179: 1.请检查联合控制模块与SRS-ECU线束接头端子是否有损坏、弯曲、退出或是腐蚀。 2.更换SRS-ECU。 | Q179: 0x40 | R179: Communication type fault | S179: 10ms | T179: Monitor detect life counter not continue from ABM1 for 2.5s continuously | U179: This CAN state ~= bus off (AND) This CAN message state ~= lost communication (AND) Vehicle power state ~= OFF | V179: After 2 time(s) of above detection continuously. (Total time for decision = 5s) | W179: Monitor detect life counter continue from ABM1 for 20s continuously | X179: Same as detection window. | Y179: None | Z179: 1. Replaced crash signal by hard wire PWM signal as backup (AND) 2. Set red indicator ON (AND) 3. DTC write into NVM | AA179: None | AB179: 1. Key OFF -> STANDBY (OR) 2. When clear DTC is requested (OR) 3, Pass Criteria = True 4. KDDM_CommErrDiagnosisOffSW = On | AC179: A history DTC clears when the module operation cycle counter reaches the reset threshold of 40, without a repeat of the malfunction. | AD179: None | AE179: D31_01_SG002 D31_01_SG003 FTTI: 1.0s (Critical) Signal cycle time 40ms (TBD) | BA179: VCU | BB179: DRIVING_CYCLE | BC179: 1 | BD179: 40 | BE179: N | BF179: Manufacturer controlled
A180: 174 | E180: Y | F180: U10020A | G180: 0xD0020A | H180: The CAN signal between VCU and ABM1 is incomplete | I180: 車輛控制器與安全氣囊模組模組1間CAN信號不完整 | J180: 车辆控制器与安全气囊模块模块1间CAN信号不完整 | K180: 1. Electromagnetic interference or noise 2. The CAN system is faulty 3. The device is faulty or damaged 4. The cable is disconnected or in poor contact | L180: 1. 電磁幹擾或噪音 2. CAN系統故障 3. 設備故障或損壞 4. 電纜斷開或者接觸不良 | M180: 1. 电磁干扰或噪音 2. CAN系统故障 3. 设备故障或损坏 4. 电缆断开或者接触不良 | N180: 1. Please check whether the terminals of the joint control module and the SRS-ECU wiring harness connector are damaged, bent, exited or corroded. 2. Replace the SRS-ECU. | O180: 1.請檢查聯合控制模組與SRS-ECU線束接頭端子是否有損壞、彎曲、退出或是腐蝕。 2.更換SRS-ECU。 | P180: 1.请检查联合控制模块与SRS-ECU线束接头端子是否有损坏、弯曲、退出或是腐蚀。 2.更换SRS-ECU。 | Q180: 0x40 | R180: Communication type fault | S180: 10ms | T180: Monitor detect checksum not continue from ABM1 for 2.5s continuously | U180: This CAN state ~= bus off (AND) This CAN message state ~= lost communication (AND) Vehicle power state ~= OFF | V180: After 2 time(s) of above detection continuously. (Total time for decision = 5s) | W180: Monitor detect checksum continue from ABM1 for 20s continuously | X180: Same as detection window. | Y180: None | Z180: 1. Replaced crash signal by hard wire PWM signal as backup (AND) 2. Set red indicator ON (AND) 3. DTC write into NVM | AA180: None | AB180: 1. Key OFF -> STANDBY (OR) 2. When clear DTC is requested (OR) 3, Pass Criteria = True 4. KDDM_CommErrDiagnosisOffSW = On | AC180: A history DTC clears when the module operation cycle counter reaches the reset threshold of 40, without a repeat of the malfunction. | AD180: None | AE180: D31_01_SG002 D31_01_SG003 FTTI: 1.0s (Critical) Signal cycle time 40ms (TBD) | BA180: VCU | BB180: DRIVING_CYCLE | BC180: 1 | BD180: 40 | BE180: N | BF180: Manufacturer controlled
A181: 175 | E181: Y | F181: P10020B | G181: 0x10020B | H181: Fault level 1 subsystem error | I181: 故障等級一子系統故障 | J181: 故障等级一子系统故障 | K181: 1. The battery management system reports a level 1~3 fault 2. Motor controller sends level 0 fault 3. The DCDC converter reports a level 1 fault 4. The on-board charger reports a level 1 fault | L181: 1. 電池管理系統發報等級1~3故障 2.馬達控制器發報等級0故障 3. DCDC轉換器發報等級1故障 4. 車載充電器發報等級1故障 | M181: 1. 电池管理系统发报等级1~3故障 2.马达控制器发报等级0故障 3. DCDC转换器发报等级1故障 4. 车载充电器发报等级1故障 | N181: Check whether the battery system, motor system, and charging system send Trouble codes, and troubleshoot them according to the corresponding fault codes | O181: 確認電池系統、電機系統、充電系統是否發報故障碼，並依相對應故障碼進行排查 | P181: 确认电池系统、电机系统、充电系统是否发报故障码，并依相对应故障码进行排查 | Q181: 0x40 | R181: System fault | S181: 10ms | T181: VCU not receive positive result of system fault for 500ms continuously Definition of positive result as below : VDDM_OBCFaultLv1_flg = False VDDM_DCDCFaultLv1_flg = False VDDM_MCUF1FaultLv1_flg = False VDDM_MCUR1FaultLv1_flg = False VDDM_BMSFaultLv1_flg = False VDDM_ESCFaultLv1_flg = False VDDM_Shifter1FaultLv1_flg = False VDDM_ZoneDrFaultLv1_flg = False VDDM_ZoneFrFaultLv1_flg = False | U181: This CAN state ~= bus off (AND) This CAN message state ~= lost communication (AND) Vehicle power state ~= OFF | V181: After 1 time(s) of above detection continuously. | W181: VCU receive positive result of system fault for 500ms continuously. | X181: Same as detection window. | Y181: None | Z181: 1. DTC write into NVM | AA181: None | AB181: 1. Key OFF -> STANDBY (OR) 2. When clear DTC is requested (OR) 3, Pass Criteria = True 4. KDDM_PMMErrDiagnosisOffSW = On | AC181: A history DTC clears when the module operation cycle counter reaches the reset threshold of 40, without a repeat of the malfunction. | AD181: None | BA181: VCU | BB181: DRIVING_CYCLE | BC181: 1 | BD181: 40 | BE181: N | BF181: Manufacturer controlled
A182: 176 | E182: Y | F182: P10020C | G182: 0x10020C | H182: Fault level 2 subsystem error | I182: 故障等級二子系統故障 | J182: 故障等级二子系统故障 | K182: 1. The battery management system reports a level 4~5 fault 2. Motor controller sends level 1~2 fault 3. The DCDC converter reports a level 2 fault | L182: 1. 電池管理系統發報等級4~5故障 2.馬達控制器發報等級1~2故障 3. DCDC轉換器發報等級2故障 | M182: 1. 电池管理系统发报等级4~5故障 2.马达控制器发报等级1~2故障 3. DCDC转换器发报等级2故障 | N182: Check whether the battery system, motor system, and charging system send Trouble codes, and troubleshoot them according to the corresponding fault codes | O182: 確認電池系統、電機系統、充電系統是否發報故障碼，並依相對應故障碼進行排查 | P182: 确认电池系统、电机系统、充电系统是否发报故障码，并依相对应故障码进行排查 | Q182: 0x40 | R182: System fault | S182: 10ms | T182: VCU not receive positive result of system fault for 500ms continuously. Definition of positive result as below : VDDM_DCDCFaultLv2_flg = False VDDM_MCUF1FaultLv2_flg = False VDDM_MCUR1FaultLv2_flg = False VDDM_BMSFaultLv2_flg = False VDDM_ZoneDrFaultLv2_flg = False VDDM_ZoneFrFaultLv2_flg = False | U182: This CAN state ~= bus off (AND) This CAN message state ~= lost communication (AND) Vehicle power state ~= OFF | V182: After 1 time(s) of above detection continuously. | W182: VCU receive positive result of system fault for 500ms continuously. | X182: Same as detection window. | Y182: None | Z182: 1. Set power output demand linearly decreases to the "Limp home" mode. (AND) 2. Set red indicator ON (AND) 3. DTC write into NVM 4. Vehicle malfunction LV2 POPUP | AA182: None | AB182: 1. Key OFF -> STANDBY (OR) 2. When clear DTC is requested (OR) 3. KDDM_PMMErrDiagnosisOffSW = On | AC182: A history DTC clears when the module operation cycle counter reaches the reset threshold of 40, without a repeat of the malfunction. | AD182: None | BA182: VCU | BB182: DRIVING_CYCLE | BC182: 1 | BD182: 40 | BE182: N | BF182: Manufacturer controlled
A183: 177 | E183: Y | F183: P10020D | G183: 0x10020D | H183: Fault level 3 subsystem error | I183: 故障等級三子系統故障 | J183: 故障等级三子系统故障 | K183: 1. The battery management system reports a level 6 fault 2. Motor controller sends level 3 fault | L183: 1. 電池管理系統發報等級6故障 2.馬達控制器發報等級3故障 | M183: 1. 电池管理系统发报等级6故障 2.马达控制器发报等级3故障 | N183: Check whether the battery system and motor system send Trouble codes, and troubleshoot them according to the corresponding fault codes | O183: 確認電池系統、電機系統是否發報故障碼，並依相對應故障碼進行排查 | P183: 确认电池系统、电机系统是否发报故障码，并依相对应故障码进行排查 | Q183: 0x40 | R183: System fault | S183: 10ms | T183: VCU not receive positive result of system fault for 500ms continuously.. Definition of positive result as below : VDDM_MCUF1FaultLv3_flg = False VDDM_MCUR1FaultLv3_flg = False VDDM_BMSFaultLv3_flg = False VDDM_ZoneFrFaultLv3_flg = False | U183: This CAN state ~= bus off (AND) This CAN message state ~= lost communication (AND) Vehicle power state ~= OFF | V183: After 1 time(s) of above detection continuously. | W183: VCU receive positive result of system fault for 500ms continuously. | X183: Same as detection window. | Y183: None | Z183: 1. Set power output demand decreases to 0N-m linearly. (AND) 2. Do general power down process if vehicle speed <= 3kph (AND) 3. Keep vehicle power state = STANDBY (AND) 4. Set red indicator ON (AND) 5. DTC write into NVM 6. Vehicle malfunction LV3 POPUP | AA183: None | AB183: 1. Key OFF -> STANDBY (OR) 2. When clear DTC is requested (OR) 3. KDDM_PMMErrDiagnosisOffSW = On | AC183: A history DTC clears when the module operation cycle counter reaches the reset threshold of 40, without a repeat of the malfunction. | AD183: None | BA183: VCU | BB183: DRIVING_CYCLE | BC183: 1 | BD183: 40 | BE183: N | BF183: Manufacturer controlled
A184: 178 | E184: Y | F184: P10020E | G184: 0x10020E | H184: Fault level 4 subsystem error | I184: 故障等級四子系統故障 | J184: 故障等级四子系统故障 | K184: 1. The battery management system reports a level 7~8 fault | L184: 1. 電池管理系統發報等級7~8故障 | M184: 1. 电池管理系统发报等级7~8故障 | N184: Check whether the battery system system send Trouble codes, and troubleshoot them according to the corresponding fault codes | O184: 確認電池系統是否發報故障碼，並依相對應故障碼進行排查 | P184: 确认电池系统是否发报故障码，并依相对应故障码进行排查 | Q184: 0x80 | R184: System fault | S184: 10ms | T184: VCU not receive positive result of system fault for 500ms continuously.. Definition of positive result as below : VDDM_BMSFaultLv4_flg = False | U184: This CAN state ~= bus off (AND) This CAN message state ~= lost communication (AND) Vehicle power state ~= OFF | V184: After 1 time(s) of above detection continuously. | W184: VCU receive positive result of system fault for 500ms continuously. | X184: Same as detection window. | Y184: None | Z184: 1. Set power output demand to 0N-m immediately. (AND) 2. Do emergency power down process. (AND) 3. Keep vehicle power state = STANDBY (AND) 4. Set red indicator ON (AND) 5. DTC write into NVM 6. Vehicle malfunction LV4 POPUP | AA184: None | AB184: 1. Key OFF -> STANDBY (OR) 2. When clear DTC is requested (OR) 3. KDDM_PMMErrDiagnosisOffSW = On | AC184: A history DTC clears when the module operation cycle counter reaches the reset threshold of 40, without a repeat of the malfunction. | AD184: None | BA184: VCU | BB184: DRIVING_CYCLE | BC184: 1 | BD184: 40 | BE184: N | BF184: Manufacturer controlled
A185: 179 | E185: Y | F185: P100210 | G185: 0x100210 | H185: LV battery voltatge too low | I185: 低壓電池啟動電壓過低 | J185: 低压电池启动电压过低 | K185: 1. Low-voltage battery overdischarge 2. Low-voltage battery aging | L185: 1. 低壓電瓶過放電 2. 低壓電瓶老化 | M185: 1. 低压电瓶过放电 2. 低压电瓶老化 | N185: 1.check the health of the 12V battery, please refer to the maintenance section in the maintenance manual 2. Replace the battery 3. Check whether the low-voltage circuit has leakage current or dark current abnormality | O185: 1.檢查12V電瓶健康度，請參照維修手冊中保養之章節 2.更換電瓶 3.檢查低壓回路是否有漏電流或暗電流異常 | P185: 1.检查12V电瓶健康度，请参照维修手册中保养之章节 2.更换电瓶 3.检查低压回路是否有漏电流或暗电流异常 | Q185: 0x40 | R185: System fault | S185: 10ms | T185: Monitor detect LVvoltage <= 9.5V for 5s continuously | U185: for D31L CAN MM use: Vehicle power state = OFF (OR) Stnadby (AND) No CAN Loss of BMS2 detected for FPD1 CAN MM use: Vehicle power state = OFF (OR) Stnadby (AND) No CAN Loss of BMS5 detected | V185: After 3 time(s) of above detection continuously. (Total time for decision = 15s) | W185: Monitor detect voltage in the range for 15s continuously | X185: Same as detection window. | Y185: None | Z185: 1. Set power output demand linearly decreases to the "Limp home" mode. (AND) 2. Set red indicator ON (AND) 3. Vehicle malfunction LV2 POPUP (AND) 4. DTC write into NVM | AA185: None | AB185: 1. Key OFF -> STANDBY (OR) 2. When clear DTC is requested (OR) 3, Pass Criteria = True (OR) 4. KDDM_LVErrDiagnosisOffSW = On | AC185: A history DTC clears when the module operation cycle counter reaches the reset threshold of 40, without a repeat of the malfunction. | AD185: None | BA185: VCU | BB185: DRIVING_CYCLE | BC185: 1 | BD185: 40 | BE185: N | BF185: Manufacturer controlled
A186: 180 | E186: Y | F186: P100211 | G186: 0x100211 | H186: LV power supply voltage too high | I186: 低壓系統電源輸出過高 | J186: 低压系统电源输出过高 | K186: Abnormal output of DCDC converter | L186: DCDC轉換器輸出異常 | M186: DCDC转换器输出异常 | N186: 1. Check whether the output voltage of the integrated charging unit is greater than 15.5V (measure the voltage of the small battery) 2. Please refer to the Charging System section for troubleshooting | O186: 1.檢查集成式充電單元輸出電壓是否大於15.5V(量測小電瓶電壓) 2.請參照充電系統章節故障處置 | P186: 1.检查集成式充电单元输出电压是否大于15.5V（量测小电瓶电压） 2.请参照充电系统章节故障处置 | Q186: 0x40 | R186: System fault | S186: 10ms | T186: Monitor detect LV voltage >= 15.5V for 5s continuously | U186: for D31L CAN MM use: (Vehicle power state = ON (OR) READY (OR) OFF-A (OR) OFF-C) (AND) No CAN Loss of BMS2 detected for FPD1 CAN MM use: (Vehicle power state = ON (OR) READY (OR) OFF-A (OR) OFF-C) (AND) No CAN Loss of BMS5 detected | V186: After 3 time(s) of above detection continuously. (Total time for decision = 15s) | W186: Monitor detect voltage in the range for 5s continuously | X186: Same as detection window. | Y186: None | Z186: 1. Set power output demand linearly decreases to the "Limp home" mode. (AND) 2. Set red indicator ON (AND) 3. Vehicle malfunction LV2 POPUP (AND) 4. DTC write into NVM | AA186: None | AB186: 1. Key OFF -> STANDBY (OR) 2. When clear DTC is requested (OR) 3. KDDM_LVErrDiagnosisOffSW = On | AC186: A history DTC clears when the module operation cycle counter reaches the reset threshold of 40, without a repeat of the malfunction. | AD186: None | BA186: VCU | BB186: DRIVING_CYCLE | BC186: 1 | BD186: 40 | BE186: N | BF186: Manufacturer controlled
A187: 181 | E187: Y | F187: P100212 | G187: 0x100212 | H187: LV power supply voltage too low | I187: 低壓系統電源輸出過低 | J187: 低压系统电源输出过低 | K187: Abnormal output of DCDC converter | L187: DCDC轉換器輸出異常 | M187: DCDC转换器输出异常 | N187: 1. Check whether the output voltage of the integrated charging unit is less than 13V (measure the voltage of the small battery) 2. Please refer to the Charging System section for troubleshooting | O187: 1.檢查集成式充電單元輸出電壓是否小於13V(量測小電瓶電壓) 2.請參照充電系統章節故障處置 | P187: 1.检查集成式充电单元输出电压是否小于13V（量测小电瓶电压） 2.请参照充电系统章节故障处置 | Q187: 0x40 | R187: System fault | S187: 10ms | T187: Monitor detect LV voltage <= 13V for 5s continuously | U187: for D31L CAN MM use: (Vehicle power state = ON (OR) READY (OR) OFF-A (OR) OFF-C) (AND) No CAN Loss of BMS2 detected for FPD1 CAN MM use: (Vehicle power state = ON (OR) READY (OR) OFF-A (OR) OFF-C) (AND) No CAN Loss of BMS5 detected | V187: After 3 time(s) of above detection continuously. (Total time for decision = 15s) | W187: Monitor detect voltage in the range for 15s continuously | X187: Same as detection window. | Y187: None | Z187: 1. Set power output demand linearly decreases to the "Limp home" mode. (AND) 2. Set red indicator ON (AND) 3. Vehicle malfunction LV2 POPUP (AND) 4. DTC write into NVM | AA187: None | AB187: 1. Key OFF -> STANDBY (OR) 2. When clear DTC is requested (OR) 3. KDDM_LVErrDiagnosisOffSW = On | AC187: A history DTC clears when the module operation cycle counter reaches the reset threshold of 40, without a repeat of the malfunction. | AD187: None | BA187: VCU | BB187: DRIVING_CYCLE | BC187: 1 | BD187: 40 | BE187: N | BF187: Manufacturer controlled
A188: 182 | E188: Y | F188: P100213 | G188: 0x100213 | H188: HVB ready for precharge fail | I188: 高壓電池準備預充電失效 | J188: 高压电池准备预充电失效 | K188: Battery management system self-diagnosis is abnormal | L188: 電池管理系統自檢異常 | M188: 电池管理系统自检异常 | N188: 1. Check whether the front area controller or battery system has a fault code, and the fault code should be eliminated | O188: 1.檢查前區域控制器或者電池系統是否有報故障碼，並應故障碼排除 | P188: 1.检查前区域控制器或者电池系统是否有报故障码，并应故障码排除 | Q188: 0x40 | R188: Power up fault | S188: 10ms | T188: Monitor detect the HVB ready for precharge timeout flag (VDMM_HVB4PreChk_flg) from PMM | U188: Vehicle power state ~= OFF | V188: After 1 time(s) of above detection continuously. | W188: Monitor not detect the HVB ready for precharge timeout flag from PMM | X188: Same as detection window. | Y188: None | Z188: 1. Do general power down process (AND) 2. Keep vehicle power state = STANDBY, if user request power up (AND) 3. Set red indicator ON (AND) 4. prohibit power up process in current key cycle 5. DTC write into NVM 6. Vehicle malfunction LV3 POPUP | AA188: None | AB188: 1. Key OFF -> STANDBY (OR) 2. When clear DTC is requested (OR) 3. KDDM_PwrUpDnDiagnosisOffSW = On (OR) 4. Pass Criteria = True | AC188: A history DTC clears when the module operation cycle counter reaches the reset threshold of 40, without a repeat of the malfunction. | AD188: None | BA188: VCU | BB188: DRIVING_CYCLE | BC188: 1 | BD188: 40 | BE188: N | BF188: Manufacturer controlled
A189: 183 | E189: Y | F189: P100214 | G189: 0x100214 | H189: MCU ready for precharge fail | I189: 馬達控制器準備預充電失效 | J189: 马达控制器准备预充电失效 | K189: Motor control unit self-diagnosis is abnormal | L189: 馬達控制單元自檢異常 | M189: 马达控制单元自检异常 | N189: 1. Check whether the front area controller or motor controller system has a fault code, and the fault code should be eliminated | O189: 1.檢查前區域控制器或者馬達控制器系統是否有報故障碼，並應故障碼排除 | P189: 1.检查前区域控制器或者马达控制器系统是否有报故障码，并应故障码排除 | Q189: 0x40 | R189: Power up fault | S189: 10ms | T189: Monitor detect the MCU ready for precharge timeout flag(VDMM_MCU4PreChk_flg) from PMM | U189: Vehicle power state ~= OFF | V189: After 1 time(s) of above detection continuously. | W189: Monitor not detect the MCU ready for precharge timeout flag from PMM | X189: Same as detection window. | Y189: None | Z189: 1. Do general power down process (AND) 2. Keep vehicle power state = STANDBY, if user request power up (AND) 3. Set red indicator ON (AND) 4. prohibit power up process in current key cycle 5. DTC write into NVM 6. Vehicle malfunction LV3 POPUP | AA189: None | AB189: 1. Key OFF -> STANDBY (OR) 2. When clear DTC is requested (OR) 3. KDDM_PwrUpDnDiagnosisOffSW = On (OR) 4. Pass Criteria = True | AC189: A history DTC clears when the module operation cycle counter reaches the reset threshold of 40, without a repeat of the malfunction. | AD189: None | BA189: VCU | BB189: DRIVING_CYCLE | BC189: 1 | BD189: 40 | BE189: N | BF189: Manufacturer controlled
A190: 184 | E190: Y | F190: P100215 | G190: 0x100215 | H190: DCDC ready for precharge fail | I190: DCDC轉換器準備預充電失效 | J190: DCDC转换器准备预充电失效 | K190: DCDC converter self-diagnosis is abnormal | L190: DCDC轉換器自檢異常 | M190: DCDC转换器自检异常 | N190: 1. Check whether the front area controller or integrated charging unit has a fault code, and the fault code should be eliminated | O190: 1.檢查前區域控制器或者集成式充電單元是否有報故障碼，並應故障碼排除 | P190: 1.检查前区域控制器或者集成式充电单元是否有报故障码，并应故障码排除 | Q190: 0x40 | R190: Power up fault | S190: 10ms | T190: Monitor detect the DCDC ready for precharge timeout flag (VDMM_DCDC4PreChk_flg) from PMM | U190: Vehicle power state ~= OFF | V190: After 1 time(s) of above detection continuously. | W190: Monitor not detect the DCDC ready for precharge timeout flag from PMM | X190: Same as detection window. | Y190: None | Z190: 1. Do general power down process (AND) 2. Keep vehicle power state = STANDBY, if user request power up (AND) 3. Set red indicator ON (AND) 4. prohibit power up process in current key cycle 5. DTC write into NVM 6. Vehicle malfunction LV3 POPUP | AA190: None | AB190: 1. Key OFF -> STANDBY (OR) 2. When clear DTC is requested (OR) 3. KDDM_PwrUpDnDiagnosisOffSW = On (OR) 4. Pass Criteria = True | AC190: A history DTC clears when the module operation cycle counter reaches the reset threshold of 40, without a repeat of the malfunction. | AD190: None | BA190: VCU | BB190: DRIVING_CYCLE | BC190: 1 | BD190: 40 | BE190: N | BF190: Manufacturer controlled
...

Sheet Snapshot
A1: Return | AK1: Unsigned | AM1: HexDecimal
A2: Diagnostic Questionnaire - Snapshot List | AK2: Hex | AM2: Decimal
AK3: BCD | AM3: Octal
AK4: ASCII | AM4: Binary
A5: Snapshot Data is read via ReportDTCSnapshotRecordByDTCNumber [$19 04] | AK5: Singed
A6: Common DIDs: Information is provided for module identification
A7: Num | B7: Snapshot Record Num | C7: Data Identifier | D7: Snapshot Record Description | E7: Size (Bytes) | F7: Start Byte | G7: MSB bit (Motorola) | H7: LSB bit (Motorola) | I7: Sub Data Name | J7: Range, Min (Phy.) | K7: Range, Max (Phy.) | L7: Unit | M7: Data Type | N7: Discrete Value Description | O7: Factor | P7: Offset | Q7: Comments
A9: 1 | B9: 01/02 | C9: 1301 | D9: Vehicle Power Status | E9: 1 | Q9: M (Signal data refer to message matrix.)。
F10: 0 | G10: 7 | H10: 0 | I10: Vehicle Power Status | J10: 0 | K10: 5 | M10: Unsigned | N10: 0x0：OFF 0x1：OFF-Charging 0x2：OFF-After-Run 0x3：STANDBY 0x4：ON 0x5：READY | O10: 1 | P10: 0
A11: 2 | B11: 01/02 | C11: 1302 | D11: Vehicle speed | E11: 2 | Q11: M (Signal data refer to message matrix.)。
F12: 0 | G12: 7 | H12: 8 | I12: Vehicle speed | J12: 0 | K12: 255.875 | L12: km/h | M12: Unsigned | O12: 0.125 | P12: 0
A13: 3 | B13: 01/02 | C13: 1303 | D13: GPS Satellite Time | E13: 5 | Q13: M (Signal data refer to message matrix.)。
F14: 0 | G14: 7 | H14: 0 | I14: ss | J14: 0 | K14: 60 | L14: sec | M14: Unsigned | O14: 1 | P14: 0
F15: 1 | G15: 15 | H15: 8 | I15: mm | J15: 0 | K15: 60 | L15: min | M15: Unsigned | O15: 1 | P15: 0
F16: 2 | G16: 23 | H16: 16 | I16: HH | J16: 0 | K16: 23 | L16: hr | M16: Unsigned | O16: 1 | P16: 0
F17: 3 | G17: 31 | H17: 24 | I17: dd | J17: 1 | K17: 31 | L17: date | M17: Unsigned | O17: 1 | P17: 0
F18: 4 | G18: 39 | H18: 32 | I18: MM | J18: 1 | K18: 12 | L18: mounth | M18: Unsigned | O18: 1 | P18: 0
A19: 4 | B19: 01/02 | C19: 0x0E04 | D19: FD system time | E19: 16
F20: 0 | G20: 7 | H20: 120 | I20: FD system time | M20: ASCII | O20: 1 | P20: 0
A21: 5 | B21: 01/02 | C21: 0x0503 | D21: CP Status | E21: 4
F22: 0 | G22: 7 | H22: 0 | I22: CpStatus | J22: 0 | K22: 6 | M22: Unsigned | N22: 0x0:AEF 0x1:B1 0x2:B2 0x3:C1 0x4:C2 0x5:D1 0x6:D2 | O22: 1 | P22: 0
F23: 1 | G23: 15 | H23: 8 | I23: CpVoltage | J23: 0 | K23: 255 | L23: V | M23: Unsigned | O23: 0.1 | P23: 0
F24: 2 | G24: 23 | H24: 16 | I24: CpPwmDuty | J24: 0 | K24: 100 | L24: % | M24: Unsigned | O24: 1 | P24: 0
F25: 3 | G25: 24 | H25: 24 | I25: S2SwitchStatus | J25: 0 | K25: 1 | M25: Unsigned | N25: 0x0:OFF 0x1:ON | O25: 1 | P25: 0
A26: 6 | B26: 01/02 | C26: 0x050D | D26: EVCCDebugMessage | E26: 16
F27: 0 | G27: 7 | H27: 0 | I27: EVCC_ss | J27: 0 | K27: 60 | L27: sec | M27: Unsigned | O27: 1 | P27: 0
F28: 1 | G28: 15 | H28: 8 | I28: EVCC_mm | J28: 0 | K28: 60 | L28: min | M28: Unsigned | O28: 1 | P28: 0
F29: 2 | G29: 23 | H29: 16 | I29: EVCC_HH | J29: 0 | K29: 23 | L29: hr | M29: Unsigned | O29: 1 | P29: 0
F30: 3 | G30: 31 | H30: 24 | I30: EVCC_dd | J30: 1 | K30: 31 | L30: date | M30: Unsigned | O30: 1 | P30: 0
F31: 4 | G31: 39 | H31: 32 | I31: EVCC_MM | J31: 1 | K31: 12 | L31: mounth | M31: Unsigned | O31: 1 | P31: 0
F32: 5 | G32: 47 | H32: 40 | I32: GbdcDebugCode | J32: 0 | K32: 255 | M32: Unsigned | O32: 1 | P32: 0
F33: 6 | G33: 55 | H33: 48 | I33: SlacDebugCode | J33: 0 | K33: 255 | M33: Unsigned | O33: 1 | P33: 0
F34: 7 | G34: 63 | H34: 56 | I34: EvccPwrStaDebugCode | J34: 0 | K34: 255 | M34: Unsigned | O34: 1 | P34: 0
F35: 8 | G35: 71 | H35: 64 | I35: V2gDcDebugCode | J35: 0 | K35: 255 | M35: Unsigned | O35: 1 | P35: 0
F36: 9 | G36: 79 | H36: 72 | I36: V2gAcDebugCode | J36: 0 | K36: 255 | M36: Unsigned | O36: 1 | P36: 0
F37: 10 | G37: 87 | H37: 80 | I37: PlcChargeEnd | J37: 0 | K37: 255 | M37: Unsigned | O37: 1 | P37: 0
F38: 11 | G38: 95 | H38: 88 | I38: EvChargeEnd | J38: 0 | K38: 255 | M38: Unsigned | O38: 1 | P38: 0
F39: 12 | G39: 103 | H39: 96 | I39: ChargeFailCode | J39: 0 | K39: 255 | M39: Unsigned | O39: 1 | P39: 0
F40: 13 | G40: 111 | H40: 104 | I40: PpStatus | J40: 0 | K40: 255 | M40: Unsigned | O40: 1 | P40: 0
F41: 14 | G41: 119 | H41: 112 | I41: ElecLockStatus | J41: 0 | K41: 255 | M41: Unsigned | O41: 1 | P41: 0
F42: 15 | G42: 127 | H42: 120 | I42: BmsChoiceChargeMode | J42: 0 | K42: 255 | M42: Unsigned | O42: 1 | P42: 0

Sheet SnapshotList
A2: Diagnostic Questionnaire - Snapshot List
A5: DTC Display | B5: DTC Byte (Hex) | C5: DTC Meaning | D5: DID1 | E5: DID2 | F5: DID3 | G5: DID4 | H5: DID5 | I5: DID6 | J5: DID7 | K5: DID8 | L5: DID9 | M5: DID10
S6: Functional classification 功能分类
A7: U100300 | B7: 0xD00300 | C7: CAN 1 bus off failure | D7: 0x1301 | E7: 0x1302 | F7: 0x1303 | G7: 0x0E04 | S7: FD
A8: U100301 | B8: 0xD00301 | C8: CAN 2 bus off failure | D8: 0x1301 | E8: 0x1302 | F8: 0x1303 | G8: 0x0E04 | S8: FD
A9: U100302 | B9: 0xD00302 | C9: CAN 3 bus off failure | D9: 0x1301 | E9: 0x1302 | F9: 0x1303 | G9: 0x0E04 | S9: FD
A10: U100303 | B10: 0xD00303 | C10: CAN 4 bus off failure | D10: 0x1301 | E10: 0x1302 | F10: 0x1303 | G10: 0x0E04 | S10: FD
A11: U100304 | B11: 0xD00304 | C11: CAN 5 bus off failure | D11: 0x1301 | E11: 0x1302 | F11: 0x1303 | G11: 0x0E04 | S11: FD
A12: U100305 | B12: 0xD00305 | C12: CAN 6 bus off failure | D12: 0x1301 | E12: 0x1302 | F12: 0x1303 | G12: 0x0E04 | S12: FD
A13: U100306 | B13: 0xD00306 | C13: CAN GBDC bus off failure | D13: 0x1301 | E13: 0x1302 | F13: 0x1303 | G13: 0x0E04 | S13: FD
A14: B100307 | B14: 0x900307 | C14: Battery Voltage too High | D14: 0x1301 | E14: 0x1302 | F14: 0x1303 | G14: 0x0E04 | S14: FD
A15: B100308 | B15: 0x900308 | C15: Battery Voltage too Low | D15: 0x1301 | E15: 0x1302 | F15: 0x1303 | G15: 0x0E04 | S15: FD
A16: U100901 | B16: 0xD00901 | C16: Lost Communication with EPS | D16: 0x1301 | E16: 0x1302 | F16: 0x1303 | G16: 0x0E04 | S16: APS
A17: U100902 | B17: 0xD00902 | C17: Lost Communication with ESC | D17: 0x1301 | E17: 0x1302 | F17: 0x1303 | G17: 0x0E04 | S17: APS
A18: B100903 | B18: 0x900903 | C18: Battery Voltage too High | D18: 0x1301 | E18: 0x1302 | F18: 0x1303 | G18: 0x0E04 | S18: APS
... A68: B100305 | B68: 0x900305 | C68: Crash Signal Fail | D68: 0x1301 | E68: 0x1302 | F68: 0x1303 | G68: 0x0E04 | S68: BCM
A69: B100501 | B69: 0x900501 | C69: BMS: B2E message Timeout | D69: 0x1301 | E69: 0x1302 | F69: 0x1303 | G69: 0x0E04 | H69: 0x0503 | I69: 0x050D | S69: EVCC
A70: B100502 | B70: 0x900502 | C70: Unable to enter charging state (S2 switch close failure) | D70: 0x1301 | E70: 0x1302 | F70: 0x1303 | G70: 0x0E04 | H70: 0x0503 | I70: 0x050D | S70: EVCC
A71: B100503 | B71: 0x900503 | C71: Unable to enter charging standby state (S2 switch open failure) | D71: 0x1301 | E71: 0x1302 | F71: 0x1303 | G71: 0x0E04 | H71: 0x0503 | I71: 0x050D | S71: EVCC
A72: B100504 | B72: 0x900504 | C72: PLC module failure | D72: 0x1301 | E72: 0x1302 | F72: 0x1303 | G72: 0x0E04 | H72: 0x0503 | I72: 0x050D | S72: EVCC
A73: B100506 | B73: 0x900506 | C73: PWM detection failure | D73: 0x1301 | E73: 0x1302 | F73: 0x1303 | G73: 0x0E04 | H73: 0x0503 | I73: 0x050D | S73: EVCC
A74: B100505 | B74: 0x900505 | C74: PLC transmission abnormality | D74: 0x1301 | E74: 0x1302 | F74: 0x1303 | G74: 0x0E04 | H74: 0x0503 | I74: 0x050D | S74: EVCC
A75: B100507 | B75: 0x900507 | C75: BMS communication abnormality | D75: 0x1301 | E75: 0x1302 | F75: 0x1303 | G75: 0x0E04 | H75: 0x0503 | I75: 0x050D | S75: EVCC
A76: B100508 | B76: 0x900508 | C76: BMS_WAKEUP Unable to set high position | D76: 0x1301 | E76: 0x1302 | F76: 0x1303 | G76: 0x0E04 | H76: 0x0503 | I76: 0x050D | S76: EVCC
A77: B100509 | B77: 0x900509 | C77: BMS_WAKEUP Unable to set low bit | D77: 0x1301 | E77: 0x1302 | F77: 0x1303 | G77: 0x0E04 | H77: 0x0503 | I77: 0x050D | S77: EVCC
A78: B10050A | B78: 0x90050A | C78: The charging pile voltage is abnormal. | D78: 0x1301 | E78: 0x1302 | F78: 0x1303 | G78: 0x0E04 | H78: 0x0503 | I78: 0x050D | S78: EVCC
A79: B10050B | B79: 0x90050B | C79: Abnormal frequency of charging pile | D79: 0x1301 | E79: 0x1302 | F79: 0x1303 | G79: 0x0E04 | H79: 0x0503 | I79: 0x050D | S79: EVCC
A80: B10050C | B80: 0x90050C | C80: BMS charging stops abnormally | D80: 0x1301 | E80: 0x1302 | F80: 0x1303 | G80: 0x0E04 | H80: 0x0503 | I80: 0x050D | S80: EVCC
... A129: B10053D | B129: 0x90053D | C129: Charging pile emergency stop | D129: 0x1301 | E129: 0x1302 | F129: 0x1303 | G129: 0x0E04 | H129: 0x0503 | I129: 0x050D | S129: EVCC
A130: U100701 | B130: 0xD00701 | C130: Ethernet Link Down | D130: 0x1301 | E130: 0x1302 | F130: 0x1303 | G130: 0x0E04 | S130: Connectivity
A131: U100702 | B131: 0xD00702 | C131: Lost Communication with TBOX | D131: 0x1301 | E131: 0x1302 | F131: 0x1303 | G131: 0x0E04 | S131: Connectivity
A132: U100703 | B132: 0xD00703 | C132: Lost Communication with DKC | D132: 0x1301 | E132: 0x1302 | F132: 0x1303 | G132: 0x0E04 | S132: Connectivity
A133: U100704 | B133: 0xD00704 | C133: Lost Communication with cloud server | D133: 0x1301 | E133: 0x1302 | F133: 0x1303 | G133: 0x0E04 | S133: Connectivity
A134: B100801 | B134: 0x900801 | C134: SSD is not available | D134: 0x1301 | E134: 0x1302 | F134: 0x1303 | G134: 0x0E04 | S134: VND
A135: B100802 | B135: 0x900802 | C135: SocketCAN interfaces are not available | D135: 0x1301 | E135: 0x1302 | F135: 0x1303 | G135: 0x0E04 | S135: VND
A136: U100201 | B136: 0xD00201 | C136: The CAN signal between VCU and BMS6 is discontinuous | D136: 0x1301 | E136: 0x1302 | F136: 0x1303 | G136: 0x0E04 | S136: VCU
A137: U100202 | B137: 0xD00202 | C137: The CAN signal between VCU and BMS6 is incomplete | D137: 0x1301 | E137: 0x1302 | F137: 0x1303 | G137: 0x0E04 | S137: VCU
A138: U100203 | B138: 0xD00203 | C138: The CAN signal between VCU and BMS1 is discontinuous | D138: 0x1301 | E138: 0x1302 | F138: 0x1303 | G138: 0x0E04 | S138: VCU
A139: U100204 | B139: 0xD00204 | C139: The CAN signal between VCU and BMS1 is incomplete | D139: 0x1301 | E139: 0x1302 | F139: 0x1303 | G139: 0x0E04 | S139: VCU
A140: U100205 | B140: 0xD00205 | C140: The CAN signal between VCU and CCU1 is discontinuous | D140: 0x1301 | E140: 0x1302 | F140: 0x1303 | G140: 0x0E04 | S140: VCU
A141: U100206 | B141: 0xD00206 | C141: The CAN signal between VCU and CCU1 is incomplete | D141: 0x1301 | E141: 0x1302 | F141: 0x1303 | G141: 0x0E04 | S141: VCU
... A255: B100401 | B255: 0x900401 | C255: FDC_THCM_APTCWarning_Sta | D255: 0x1301 | E255: 0x1302 | F255: 0x1303 | G255: 0x0E04 | S255: THCM

Sheet ExtendedData
A1: Return | AK1: Unsigned | AM1: HexDecimal
A2: Diagnostic Questionnaire - Extended Data List | AK2: Hex | AM2: Decimal
AK3: BCD | AM3: Octal
AK4: ASCII | AM4: Binary
A5: Snapshot Data is read via ReportDTCExtendedDataByDTCNumber [$19 06] | AK5: Singed
A6: Common DIDs: Information is provided for module identification
A7: Num | B7: Extended Record Num | C7: Extended Record Description | D7: Size (Bytes) | E7: Start Byte | F7: MSB bit (Motorola) | G7: LSB bit (Motorola) | H7: Sub Data Name | I7: Range, Min (Phy.) | J7: Range, Max (Phy.) | K7: Unit | L7: Data Type | M7: Discrete Value Description | N7: Factor | O7: Offset | P7: DTC Identifier | Q7: Comments
A9: 1 | B9: 01 | C9: Example_DTC occurrence counter | D9: 1 | P9: All DTCs | Q9: U
E10: 0 | F10: 7 | G10: 0 | H10: DTC occurrence counter | K10: count | L10: Unsigned | N10: 1 | O10: 0
A11: 2 | B11: 02 | C11: Example_Report number of aging counter | D11: 1 | P11: All DTCs | Q11: U
E12: 0 | F12: 7 | G12: 0 | H12: Aging Counter | K12: count | L12: Unsigned | N12: 1 | O12: 0

Sheet DIDList
A2: Diagnostic Questionnaire - DID List
A5: DID number | B5: DID Description | C5: FVT Require | D5: Diagnostic Tool Normal mode | E5: Diagnostic Tool Engineer mode | F5: Service | L5: Part number & model | AA5: Comments / Information 备注 | AB5: Functional classification 功能分类
F6: $22 | G6: $2E | H6: $2F | I6: $31 | J6: $23 | K6: $2A | L6: D31L | M6: D31L24 | N6: D31F25 | O6: D31H | P6: D21 | Q6: Foxtorn Pi
A7: 0xF180 | B7: bootSoftwareIdentification | C7: M | D7: N | E7: N | F7: Y | G7: N | H7: N | I7: N | J7: N | K7: N | L7: N | M7: N | N7: N | O7: N | P7: N | Q7: N | AA7: Remove by CAN Team | AB7: FD-A
A8: 0xF187 | B8: vehicleManufacturerSparePartNumberDataIdentifier | C8: M | D8: Y | E8: Y | F8: Y | G8: N | H8: N | I8: N | J8: N | K8: N | L8: Y | M8: Y | N8: Y | O8: Y | P8: Y | Q8: N | AB8: FD-A
A9: 0xF18A | B9: systemSupplierIdentifierDataIdentifier | C9: M | D9: Y | E9: Y | F9: Y | G9: N | H9: N | I9: N | J9: N | K9: N | L9: Y | M9: Y | N9: Y | O9: Y | P9: Y | Q9: N | AB9: FD-A
A10: 0xF18C | B10: ECUSerialNumberDataIdentifier | C10: M | D10: Y | E10: Y | F10: Y | G10: N | H10: N | I10: N | J10: N | K10: N | L10: Y | M10: Y | N10: Y | O10: Y | P10: Y | Q10: N | AB10: FD-A
A11: 0xF192 | B11: systemSupplierECUHardwareNumberDataIdentifier | C11: C | D11: N | E11: N | G11: N | H11: N | I11: N | J11: N | K11: N | L11: N | M11: N | N11: N | O11: N | P11: N | Q11: N | AB11: FD-A
A12: 0xF193 | B12: systemSupplierECUHardwareVersionNumberDataIdentifier | C12: M | D12: Y | E12: Y | F12: Y | G12: N | H12: N | I12: N | J12: N | K12: N | L12: Y | M12: Y | N12: Y | O12: Y | P12: Y | Q12: N | AB12: FD-A
A13: 0xF194 | B13: systemSupplierECUSoftwareNumberDataIdentifier | C13: C | D13: N | E13: N | G13: N | H13: N | I13: N | J13: N | K13: N | L13: N | M13: N | N13: N | O13: N | P13: N | Q13: N | AB13: FD-A
A14: 0xF195 | B14: systemSupplierECUSoftwareVersionNumberDataIdentifier | C14: M | D14: Y | E14: Y | F14: Y | G14: N | H14: N | I14: N | J14: N | K14: N | L14: Y | M14: Y | N14: Y | O14: Y | P14: Y | Q14: N | AB14: FD-A
A15: 0xF190 | B15: VINDataIdentifier | C15: M | D15: Y | E15: Y | F15: Y | G15: Y | H15: N | I15: N | J15: N | K15: N | L15: Y | M15: Y | N15: Y | O15: Y | P15: Y | Q15: N | AB15: FD-A
A16: 0xF090 | B16: FVTIdentificationNumberDataIdenifier | C16: M | D16: Y | E16: Y | F16: Y | G16: Y | H16: N | I16: N | J16: N | K16: N | L16: Y | M16: Y | N16: Y | O16: Y | P16: Y | Q16: N | AB16: FD-A
A17: 0xF16F | B17: MessageMapVersionNumber | C17: M | D17: Y | E17: Y | F17: Y | G17: N | H17: N | I17: N | J17: N | K17: N | L17: Y | M17: Y | N17: Y | O17: Y | P17: Y | Q17: N | AB17: FD-A
A18: 0x1301 | B18: Vehicle Power Status | C18: M | D18: Y | E18: Y | F18: Y | G18: N | H18: N | I18: N | J18: N | K18: N | L18: Y | M18: Y | N18: Y | O18: Y | P18: Y | Q18: N | AB18: FD-A
A19: 0x1302 | B19: Vehicle Speed | C19: M | D19: Y | E19: Y | F19: Y | G19: N | H19: N | I19: N | J19: N | K19: N | L19: Y | M19: Y | N19: Y | O19: Y | P19: Y | Q19: N | AB19: FD-A
A20: 0x1303 | B20: GPS Satellite Time | C20: M | D20: Y | E20: Y | F20: Y | G20: N | H20: N | I20: N | J20: N | K20: N | L20: Y | M20: Y | N20: Y | O20: Y | P20: Y | Q20: N | AB20: FD-A
A21: 0xF181 | B21: applicationSoftwareIdentificationDataIdentifier | C21: M | D21: Y | E21: Y | F21: Y | G21: N | H21: N | I21: N | J21: N | K21: N | L21: Y | M21: Y | N21: Y | O21: Y | P21: Y | Q21: N | AB21: FD-A
A22: 0xF184 | B22: applicationSoftwareFingerprintDataIdentifier | C22: M | D22: Y | E22: Y | F22: Y | G22: Y | H22: N | I22: N | J22: N | K22: N | L22: Y | M22: Y | N22: Y | O22: Y | P22: Y | Q22: N | AB22: FD-A
A23: 0xF199 | B23: programmingDateDataIdentifier | C23: M | D23: Y | E23: Y | F23: Y | G23: Y | H23: N | I23: N | J23: N | K23: N | L23: Y | M23: Y | N23: Y | O23: Y | P23: Y | Q23: N | AB23: FD-A
A24: 0x0301 | B24: TurnLampFrontRightThresholdCurrent | D24: Y | E24: Y | F24: Y | G24: Y | H24: N | I24: N | J24: N | K24: N | L24: N | M24: Y | N24: Y | O24: Y | P24: N | Q24: N | AB24: BCM
A25: 0x0302 | B25: TurnLampRearRightThresholdCurrent | D25: Y | E25: Y | F25: Y | G25: Y | H25: N | I25: N | J25: N | K25: N | L25: N | M25: Y | N25: Y | O25: Y | P25: N | Q25: N | AB25: BCM
A26: 0x0303 | B26: TurnLampFrontLeftThresholdCurrent | D26: Y | E26: Y | F26: Y | G26: Y | H26: N | I26: N | J26: N | K26: N | L26: N | M26: Y | N26: Y | O26: Y | P26: N | Q26: N | AB26: BCM
A27: 0x0304 | B27: TurnLampRearLeftThresholdCurrent | D27: Y | E27: Y | F27: Y | G27: Y | H27: N | I27: N | J27: N | K27: N | L27: N | M27: Y | N27: Y | O27: Y | P27: N | Q27: N | AB27: BCM
A28: 0x0305 | B28: FollowMeHomeTimer | D28: Y | E28: Y | F28: Y | G28: Y | H28: N | I28: N | J28: N | K28: N | L28: N | M28: Y | N28: Y | O28: Y | P28: Y | Q28: N | AB28: BCM
A29: 0x0306 | B29: AutoLock | D29: Y | E29: Y | F29: Y | G29: Y | H29: N | I29: N | J29: N | K29: N | L29: N | M29: Y | N29: Y | O29: Y | P29: Y | Q29: N | AB29: BCM
A30: 0x0307 | B30: DRLDisable | D30: Y | E30: Y | F30: Y | G30: Y | H30: N | I30: N | J30: N | K30: N | L30: N | M30: Y | N30: Y | O30: Y | P30: Y | Q30: N | AB30: BCM
A31: 0x0308 | B31: Auto Wiper High Speed Function Enable | D31: Y | E31: Y | F31: Y | G31: Y | H31: N | I31: N | J31: N | K31: N | L31: N | M31: Y | N31: Y | O31: Y | P31: Y | Q31: N | AB31: BCM
A32: 0x0309 | B32: Wiper RLS Command Hold Filter | D32: N | E32: Y | F32: Y | G32: Y | H32: N | I32: N | J32: N | K32: N | L32: N | M32: Y | N32: Y | O32: Y | P32: Y | Q32: N | AB32: BCM
A33: 0x030A | B33: Wiper RLS Command Cut Filter | D33: N | E33: Y | F33: Y | G33: Y | H33: N | I33: N | J33: N | K33: N | L33: N | M33: Y | N33: Y | O33: Y | P33: Y | Q33: N | AB33: BCM
A34: 0x0201 | B34: XWD switch | D34: Y | E34: Y | F34: Y | G34: Y | H34: N | I34: N | J34: N | K34: N | L34: Y | M34: Y | N34: Y | O34: Y | P34: Y | Q34: N | AB34: VCU
A35: 0x0202 | B35: WriteRandomNumberDKC | D35: Y | E35: Y | F35: Y | G35: Y | H35: N | I35: N | J35: N | K35: N | L35: Y | M35: Y | N35: Y | O35: Y | P35: Y | Q35: Y | AB35: VCU
... A113: 0x0F0D | B113: FD-DKC CoordinateXY | D113: N | E113: N | F113: Y | G113: N | H113: N | I113: N | J113: N | K113: N | L113: N | M113: N | N113: Y | O113: Y | P113: Y | Q113: N | AB113: DKC
A114: 0xFF00 | B114: eraseMemory | D114: N | E114: N | F114: N | G114: N | H114: N | I114: N | J114: N | K114: N | L114: N | M114: N | N114: N | O114: N | P114: N | Q114: N | AA114: Remove by CAN Team | AB114: FD-A
A115: 0xFF01 | B115: checkProgrammingDependencies | D115: N | E115: N | F115: N | G115: N | H115: N | I115: N | J115: N | K115: N | L115: N | M115: N | N115: N | O115: N | P115: N | Q115: N | AA115: Remove by CAN Team | AB115: FD-A
A116: 0x2203 | B116: Swap active partition | D116: N | E116: N | F116: N | G116: N | H116: N | I116: N | J116: N | K116: N | L116: N | M116: N | N116: N | O116: N | P116: N | Q116: N | AA116: Remove by CAN Team | AB116: FD-A
A117: 0xDFFF | B117: Request vehicle power status | D117: N | E117: N | F117: N | G117: N | H117: N | I117: Y | J117: N | K117: N | L117: N | M117: Y | N117: Y | O117: Y | P117: Y | Q117: N | AB117: FD-A
A118: 0xF17F | B118: DiagnosticSpecificaionVersionInformation | D118: N | E118: Y | F118: Y | G118: N | H118: N | I118: N | J118: N | K118: N | L118: Y | M118: Y | N118: Y | O118: Y | P118: Y | Q118: N | AB118: FD-A
A119: 0xDFFE | B119: CAN data collection | D119: N | E119: N | F119: N | G119: N | H119: N | I119: Y | J119: N | K119: N | L119: N | M119: Y | N119: Y | O119: Y | P119: Y | Q119: N | AB119: FD-A
A120: 0xF40D | B120: Vehicle Speed Sensor | D120: Y | E120: Y | F120: Y | G120: N | H120: N | I120: N | J120: N | K120: N | L120: N | M120: N | N120: Y | O120: Y | P120: Y | Q120: N | AB120: ZEV
A121: 0xF41C | B121: OBD requirements to which vehicle or engine is certified | D121: Y | E121: Y | F121: Y | G121: Y | H121: N | I121: N | J121: N | K121: N | L121: N | M121: N | N121: Y | O121: Y | P121: Y | Q121: N | AB121: ZEV
A122: 0xF41F | B122: Time Since Engine Start | D122: Y | E122: Y | F122: Y | G122: N | H122: N | I122: N | J122: N | K122: N | L122: N | M122: N | N122: Y | O122: Y | P122: Y | Q122: N | AB122: ZEV
A123: 0xF421 | B123: Distance Traveled While MIL is Activated | D123: Y | E123: Y | F123: Y | G123: N | H123: N | I123: N | J123: N | K123: N | L123: N | M123: N | N123: Y | O123: Y | P123: Y | Q123: N | AB123: ZEV
A124: 0xF431 | B124: Distance traveled since DTCs cleared | D124: Y | E124: Y | F124: Y | G124: N | H124: N | I124: N | J124: N | K124: N | L124: N | M124: N | N124: Y | O124: Y | P124: Y | Q124: N | AB124: ZEV
A125: 0xF449 | B125: Accelerator Pedal Position D | D125: Y | E125: Y | F125: Y | G125: N | H125: N | I125: N | J125: N | K125: N | L125: N | M125: N | N125: Y | O125: Y | P125: Y | Q125: N | AB125: ZEV
A126: 0xF44A | B126: Accelerator Pedal Position E | D126: Y | E126: Y | F126: Y | G126: N | H126: N | I126: N | J126: N | K126: N | L126: N | M126: N | N126: Y | O126: Y | P126: Y | Q126: N | AB126: ZEV
A127: 0xF4A6 | B127: Vehicle Odometer | D127: Y | E127: Y | F127: Y | G127: N | H127: N | I127: N | J127: N | K127: N | L127: N | M127: N | N127: Y | O127: Y | P127: Y | Q127: N | AB127: ZEV
A128: 0xF4D6 | B128: Number of propulsion system active trips since fault memory last cleared | D128: Y | E128: Y | F128: Y | G128: N | H128: N | I128: N | J128: N | K128: N | L128: N | M128: N | N128: Y | O128: Y | P128: Y | Q128: N | AB128: ZEV
... A149: 0xF880 | B149: support DID from 0xF881 to F8A0 | D149: Y | E149: Y | F149: Y | G149: N | H149: N | I149: N | J149: N | K149: N | L149: N | M149: N | N149: Y | O149: Y | P149: Y | Q149: N | AB149: ZEV
A150: 0x1001 | B150: FoxPi_Driving_Ctrl | D150: N | E150: N | F150: Y | G150: Y | H150: N | I150: N | J150: N | K150: N | L150: N | M150: N | N150: N | O150: N | P150: N | Q150: Y | AA150: Foxtron Pi 使用 | AB150: FoxtronPi
A151: 0x1002 | B151: FoxPi_Motion_Status | D151: N | E151: N | F151: Y | G151: N | H151: N | I151: N | J151: N | K151: N | L151: N | M151: N | N151: N | O151: N | P151: N | Q151: Y | AA151: Foxtron Pi 使用 | AB151: FoxtronPi
A152: 0x1003 | B152: FoxPi_Brake_Status | D152: N | E152: N | F152: Y | G152: N | H152: N | I152: N | J152: N | K152: N | L152: N | M152: N | N152: N | O152: N | P152: N | Q152: Y | AA152: Foxtron Pi 使用 | AB152: FoxtronPi
A153: 0x1004 | B153: FoxPi_WheelSpeed | D153: N | E153: N | F153: Y | G153: N | H153: N | I153: N | J153: N | K153: N | L153: N | M153: N | N153: N | O153: N | P153: N | Q153: Y | AA153: Foxtron Pi 使用 | AB153: FoxtronPi
A154: 0x1005 | B154: FoxPi_EPS_Status | D154: N | E154: N | F154: Y | G154: N | H154: N | I154: N | J154: N | K154: N | L154: N | M154: N | N154: N | O154: N | P154: N | Q154: Y | AA154: Foxtron Pi 使用 | AB154: FoxtronPi
A155: 0x1006 | B155: FoxPi_Button_Status | D155: N | E155: N | F155: Y | G155: N | H155: N | I155: N | J155: N | K155: N | L155: N | M155: N | N155: N | O155: N | P155: N | Q155: Y | AA155: Foxtron Pi 使用 | AB155: FoxtronPi
A156: 0x1007 | B156: FoxPi_USS_Distance | D156: N | E156: N | F156: Y | G156: N | H156: N | I156: N | J156: N | K156: N | L156: N | M156: N | N156: N | O156: N | P156: N | Q156: Y | AA156: Foxtron Pi 使用 | AB156: FoxtronPi
A157: 0x1008 | B157: FoxPi_USS_Fault_Status | D157: N | E157: N | F157: Y | G157: N | H157: N | I157: N | J157: N | K157: N | L157: N | M157: N | N157: N | O157: N | P157: N | Q157: Y | AA157: Foxtron Pi 使用 | AB157: FoxtronPi
A158: 0x1009 | B158: FoxPi_PTG_USS_SW | D158: N | E158: N | F158: Y | G158: N | H158: N | I158: N | J158: N | K158: N | L158: N | M158: N | N158: N | O158: N | P158: N | Q158: Y | AA158: Foxtron Pi 使用 | AB158: FoxtronPi
A159: 0x100A | B159: FoxPi_Switch_Status | D159: N | E159: N | F159: Y | G159: N | H159: N | I159: N | J159: N | K159: N | L159: N | M159: N | N159: N | O159: N | P159: N | Q159: Y | AA159: Foxtron Pi 使用 | AB159: FoxtronPi
A160: 0x100B | B160: FoxPi_Lamp_Status | D160: N | E160: N | F160: Y | G160: N | H160: N | I160: N | J160: N | K160: N | L160: N | M160: N | N160: N | O160: N | P160: N | Q160: Y | AA160: Foxtron Pi 使用 | AB160: FoxtronPi
A161: 0x100C | B161: FoxPi_Lamp_Ctrl | D161: N | E161: N | F161: Y | G161: Y | H161: N | I161: N | J161: N | K161: N | L161: N | M161: N | N161: N | O161: N | P161: N | Q161: Y | AA161: Foxtron Pi 使用 | AB161: FoxtronPi
... A167: 0x1012 | B167: FoxPi_Ctrl_Enable_Switch | D167: N | E167: N | F167: Y | G167: Y | H167: N | I167: N | J167: N | K167: N | L167: N | M167: N | N167: N | O167: N | P167: N | Q167: Y | AA167: Foxtron Pi 使用 | AB167: FoxtronPi

Sheet DIDData
A1: Return
A2: Diagnostic Questionnaire - Stored Data DID List
A5: Module Identificaion read via ReadDataByIdentifier [$22] or write via WriteDataByIdentifier [$2E]:
A6: NOTE 1: | B6: This section is reserved for Module stored data ONLY. And most of these datas are stored in EEPROM or Flash.
A7: Common DIDs: Information is provided for module identification
A8: Num | B8: DID Num DID号 Custom DID suggested range 0100~A5FF | C8: DID Description | D8: Size (Bytes) | E8: Start Byte | F8: MSB bit (Motorola) | G8: LSB bit (Motorola) | H8: Sub Data Name | I8: Range, Min (Phy.) | J8: Range, Max (Phy.) | K8: Unit | L8: Data Type | M8: Discrete Value Description | N8: Factor | O8: Offset | P8: R/W Mode | Q8: Read Data | T8: Write Data | W8: Comments / Information | X8: Functional classification | AA8: Functional Enable
Q9: Application Software Diagnostic Session | R9: Boot Software Diagnostic Session | S9: Security Level | T9: Application Software Diagnostic Session | U9: Boot Software Diagnostic Session | V9: Security Level
A10: 1 | B10: 0xF187 | C10: vehicleManufacturerSparePartNumberDataIdentifier | D10: 10 | P10: R | Q10: 01/03 | W10: M | X10: FD | AA10: Y
E11: 0 | F11: 7 | G11: 72 | H11: Part Number. | L11: ASCII | N11: 1 | O11: 0
A12: =A10+1 -> 2 | B12: 0xF18A | C12: systemSupplierIdentifierDataIdentifier | D12: 6 | P12: R | Q12: 01/03 | W12: M | X12: FD | AA12: Y
E13: 0 | F13: 7 | G13: 40 | H13: Supplier ID | L13: ASCII | N13: 1 | O13: 0
A14: =A12+1 -> 3 | B14: 0xF193 | C14: systemSupplierECUHardwareVersionNumberDataIdentifier | D14: 10 | P14: R | Q14: 01/03 | W14: M | X14: FD | AA14: Y
E15: 0 | F15: 7 | G15: 72 | H15: Hardware Version Number. | L15: ASCII | N15: 1 | O15: 0
A16: =A14+1 -> 4 | B16: 0xF195 | C16: systemSupplierECUSoftwareVersionNumberDataIdentifier | D16: 10 | P16: R | Q16: 01/03 | W16: M | X16: FD | AA16: Y
E17: 0 | F17: 7 | G17: 72 | H17: Software Version Number. | L17: ASCII | N17: 1 | O17: 0
A18: =A16+1 -> 5 | B18: 0xF190 | C18: VINDataIdentifier | D18: 17 | P18: R/W | Q18: 01/03 | T18: 03 | V18: 01 | W18: M | X18: FD | AA18: Y
E19: 0 | F19: 7 | G19: 128 | H19: VIN | L19: ASCII | N19: 1 | O19: 0
A20: =A18+1 -> 6 | B20: 0xF090 | C20: FVTIdentificationNumberDataIdenifier | D20: 22 | P20: R/W | Q20: 01/03 | T20: 03 | V20: 01 | W20: M | X20: FD | AA20: Y
E21: 0 | F21: 7 | G21: 168 | H21: FVT VIN | L21: ASCII | N21: 1 | O21: 0
A22: =A20+1 -> 7 | B22: 0xF16F | C22: MessageMapVersionNumber | D22: 10 | P22: R | Q22: 01/03 | W22: M | X22: FD | AA22: Y
E23: 0 | F23: 7 | G23: 72 | H23: MessageMap Version Number | L23: ASCII | N23: 1 | O23: 0
A24: =A22+1 -> 8 | B24: 0x1301 | C24: Vehicle Power Status | D24: 1 | P24: R | Q24: 01/03 | W24: M | X24: FD | AA24: Y
E25: 0 | F25: 7 | G25: 0 | H25: Vehicle Power Status | I25: 0 | J25: 5 | L25: Unsigned | M25: 0x0：OFF 0x1：OFF-Charging 0x2：OFF-After-Run 0x3：STANDBY 0x4：ON 0x5：READY | N25: 1 | O25: 0
A26: =A24+1 -> 9 | B26: 0x1302 | C26: Vehicle Speed | D26: 2 | P26: R | Q26: 01/03 | W26: M | X26: FD | AA26: Y
E27: 0 | F27: 7 | G27: 8 | H27: Vehicle speed | I27: 0 | J27: 255.875 | K27: km/h | L27: Unsigned | N27: 0.125 | O27: 0
A28: =A26+1 -> 10 | B28: 0x1303 | C28: GPS Satellite Time | D28: 5 | P28: R | Q28: 01/03 | W28: M | X28: FD | AA28: Y
E29: 0 | F29: 7 | G29: 0 | H29: ss | I29: 0 | J29: 60 | K29: sec | L29: Unsigned | N29: 1 | O29: 0
E30: 1 | F30: 15 | G30: 8 | H30: mm | I30: 0 | J30: 60 | K30: min | L30: Unsigned | N30: 1 | O30: 0
E31: 2 | F31: 23 | G31: 16 | H31: HH | I31: 0 | J31: 23 | K31: hr | L31: Unsigned | N31: 1 | O31: 0
E32: 3 | F32: 31 | G32: 24 | H32: dd | I32: 1 | J32: 31 | K32: date | L32: Unsigned | N32: 1 | O32: 0
E33: 4 | F33: 39 | G33: 32 | H33: MM | I33: 1 | J33: 12 | K33: mounth | L33: Unsigned | N33: 1 | O33: 0
A34: =A28+1 -> 11 | B34: 0xF181 | C34: applicationSoftwareIdentificationDataIdentifier | D34: 10 | P34: R | Q34: 01/03 | W34: M | X34: FD | AA34: Y
E35: 0 | F35: 7 | G35: 72 | H35: application Software Identification | L35: ASCII | N35: 1 | O35: 0
A36: =A34+1 -> 12 | B36: 0xF18C | C36: ECUSerialNumberDataIdentifier | D36: 25 | P36: R | Q36: 01/03 | W36: M | X36: FD | AA36: Y
E37: 0 | F37: 7 | G37: 192 | H37: Serial Number | L37: ASCII | N37: 1 | O37: 0
A38: =A36+1 -> 13 | B38: 0xF184 | C38: applicationSoftwareFingerprintDataIdentifier | D38: 10 | P38: R/W | Q38: 01/03 | U38: 02 | V38: 03 | W38: M | X38: FD | AA38: Y
E39: 0 | F39: 7 | G39: 72 | H39: Fingerprint | L39: ASCII | N39: 1 | O39: 0
A40: =A38+1 -> 14 | B40: 0xF199 | C40: programmingDateDataIdentifier | D40: 10 | P40: R/W | Q40: 01/03 | U40: 02 | V40: 03 | W40: M | X40: FD | AA40: Y
E41: 0 | F41: 7 | G41: 72 | H41: programmingDateData | L41: ASCII | N41: 1 | O41: 0
A42: =A40+1 -> 15 | B42: 0x0201 | C42: XWD switch | D42: 1 | P42: R/W | Q42: 01/03 | T42: 03 | V42: 01 | X42: VCU | AA42: Y
E43: 0 | F43: 1 | G43: 0 | H43: XWD Mode | I43: 0 | J43: 2 | L43: Unsigned | M43: 0x00:RWD 0x01:FWD 0x02:AWD | N43: 1 | O43: 0
A44: =A42+1 -> 16 | B44: 0x0202 | C44: WriteRandomNumberDKC | D44: 8 | P44: R/W | Q44: 01/03 | T44: 03 | V44: 05 | X44: VCU | AA44: Y
E45: 0 | F45: 7 | G45: 56 | H45: DKC key | L45: Hex | N45: 1 | O45: 0 | W45: 8-byte write, 1-byte response.
A46: =A44+1 -> 17 | B46: 0x0203 | C46: Dyno mode switch | D46: 1 | P46: R/W | Q46: 01/03 | T46: 03 | V46: 01 | X46: VCU | AA46: Y
E47: 0 | F47: 1 | G47: 0 | H47: dyno mode | I47: 0 | J47: 1 | L47: Unsigned | M47: 0x0:Off 0x1:On | N47: 1 | O47: 0
A48: =A46+1 -> 18 | B48: 0x0206 | C48: APPPedalZP | D48: 3 | P48: R | Q48: 01/03 | X48: VCU | AA48: Y
E49: 0 | F49: 7 | G49: 12 | H49: APS1 | I49: 0 | J49: 4.095 | K49: V | L49: Unsigned | N49: 0.001 | O49: 0
E50: 1 | F50: 11 | G50: 16 | H50: APS2 | I50: 0 | J50: 4.095 | K50: V | L50: Unsigned | N50: 0.001 | O50: 0
A51: =A48+1 -> 19 | B51: 0x0207 | C51: NVMPedalZP | D51: 3 | P51: R | Q51: 01/03 | X51: VCU | AA51: Y
E52: 0 | F52: 7 | G52: 12 | H52: APS1 | I52: 0 | J52: 4.095 | K52: V | L52: Unsigned | N52: 0.001 | O52: 0
E53: 1 | F53: 11 | G53: 16 | H53: APS2 | I53: 0 | J53: 4.095 | K53: V | L53: Unsigned | N53: 0.001 | O53: 0
A54: =A51+1 -> 20 | B54: 0x0301 | C54: TurnLampFrontRightThresholdCurrent | D54: 1 | P54: R/W | Q54: 01/03 | T54: 03 | V54: 01 | X54: BCM | AA54: Y
E55: 0 | F55: 7 | G55: 0 | H55: TurnLampFrontRightThresholdCurrent | I55: 0 | J55: 2550 | K55: mA | L55: Unsigned | N55: 10 | O55: 0
A56: =A54+1 -> 21 | B56: 0x0302 | C56: TurnLampRearRightThresholdCurrent | D56: 1 | P56: R/W | Q56: 01/03 | T56: 03 | V56: 01 | X56: BCM | AA56: Y
E57: 0 | F57: 7 | G57: 0 | H57: TurnLampRearRightThresholdCurrent | I57: 0 | J57: 2550 | K57: mA | L57: Unsigned | N57: 10 | O57: 0
A58: =A56+1 -> 22 | B58: 0x0303 | C58: TurnLampFrontLeftThresholdCurrent | D58: 1 | P58: R/W | Q58: 01/03 | T58: 03 | V58: 01 | X58: BCM | AA58: Y
E59: 0 | F59: 7 | G59: 0 | H59: TurnLampFrontLeftThresholdCurrent | I59: 0 | J59: 2550 | K59: mA | L59: Unsigned | N59: 10 | O59: 0
A60: =A58+1 -> 23 | B60: 0x0304 | C60: TurnLampRearLeftThresholdCurrent | D60: 1 | P60: R/W | Q60: 01/03 | T60: 03 | V60: 01 | X60: BCM | AA60: Y
E61: 0 | F61: 7 | G61: 0 | H61: TurnLampRearLeftThresholdCurrent | I61: 0 | J61: 2550 | K61: mA | L61: Unsigned | N61: 10 | O61: 0
A62: =A60+1 -> 24 | B62: 0x0305 | C62: FollowMeHomeTimer | D62: 1 | P62: R/W | Q62: 01/03 | T62: 03 | V62: 01 | X62: BCM | AA62: Y
E63: 0 | F63: 4 | G63: 0 | H63: FollowMeHomeTimer | I63: 10 | J63: 150 | K63: sec | L63: Unsigned | N63: 5 | O63: 10
A64: =A62+1 -> 25 | B64: 0x0306 | C64: AutoLock | D64: 1 | P64: R/W | Q64: 01/03 | T64: 03 | V64: 01 | X64: BCM | AA64: Y
E65: 0 | F65: 0 | G65: 0 | H65: AutoLock | L65: Unsigned | M65: 0x0:OFF 0x1:ON | N65: 1 | O65: 0
A66: =A64+1 -> 26 | B66: 0x0307 | C66: DRLDisable | D66: 1 | P66: R/W | Q66: 01/03 | T66: 03 | V66: 01 | X66: BCM | AA66: Y
E67: 0 | F67: 0 | G67: 0 | H67: DRLDisable | L67: Unsigned | M67: 0x0:Disable 0x1:ENABLE | N67: 1 | O67: 0
A68: =A66+1 -> 27 | B68: 0x0308 | C68: Auto Wiper High Speed Function Enable | D68: 1 | P68: R/W | Q68: 01/03 | T68: 03 | V68: 01 | X68: BCM | AA68: Y
E69: 0 | F69: 0 | G69: 0 | H69: AutoWipHSpdEN | I69: 0 | J69: 1 | L69: Unsigned | M69: 0x0:Disable 0x1:ENABLE | N69: 1 | O69: 0
A70: =A68+1 -> 28 | B70: 0x0309 | C70: Wiper RLS Command Hold Filter | D70: 1 | P70: R/W | Q70: 01/03 | T70: 03 | V70: 01 | X70: BCM | AA70: Y
E71: 0 | F71: 0 | G71: 0 | H71: WipRLSCmdHoldEN | I71: 0 | J71: 1 | L71: Unsigned | M71: 0x0:Disable 0x1:ENABLE | N71: 1 | O71: 0
E72: 0 | F72: 7 | G72: 1 | H72: WipRLSCmdHoldTime | I72: 0 | J72: 128 | K72: sec | L72: Unsigned | N72: 1 | O72: 0
A73: =A70+1 -> 29 | B73: 0x030A | C73: Wiper RLS Command Cut Filter | D73: 1 | P73: R/W | Q73: 01/03 | T73: 03 | V73: 01 | X73: BCM | AA73: Y
E74: 0 | F74: 0 | G74: 0 | H74: WipRLSCmdCutEN | I74: #REF! | J74: 1 | L74: Unsigned | M74: 0x0:Disable 0x1:ENABLE | N74: 1 | O74: 0
E75: 0 | F75: 7 | G75: 1 | H75: WipRLSCmdCutTime | I75: 0 | J75: 128 | K75: sec | L75: Unsigned | N75: 1 | O75: 0
A76: =A73+1 -> 30 | B76: 0x0501 | C76: SupportProtocol | D76: 1 | P76: R/W | Q76: 01/03 | T76: 03 | V76: 01 | X76: EVCC | AA76: Y
E77: 0 | F77: 7 | G77: 0 | H77: Support Protocol | I77: 0 | J77: 255 | L77: Unsigned | M77: 0x0:DIN70121 (first) 0x1:ISO15118 (first) 0x2:Reserved 0xFF:default DIN70121 first | N77: 1 | O77: 0
A78: =A76+1 -> 31 | B78: 0x0502 | C78: APlusOutputStatus | D78: 1 | P78: R | Q78: 01/03 | X78: EVCC | AA78: Y
E79: 0 | F79: 7 | G79: 7 | H79: Control output I/O : A+ | I79: 0 | J79: 1 | L79: Unsigned | M79: 0x0:OFF 0x1:ON | N79: 1 | O79: 0
A80: =A78+1 -> 32 | B80: 0x0503 | C80: CP Status | D80: 4 | P80: R | Q80: 01/03 | X80: EVCC | AA80: Y
E81: 0 | F81: 7 | G81: 0 | H81: CpStatus | I81: 0 | J81: 6 | L81: Unsigned | M81: 0x0:AEF 0x1:B1 0x2:B2 0x3:C1 0x4:C2 0x5:D1 0x6:D2 | N81: 1 | O81: 0
E82: 1 | F82: 15 | G82: 8 | H82: CpVoltage | I82: 0 | J82: 255 | K82: V | L82: Unsigned | N82: 0.1 | O82: 0
E83: 2 | F83: 23 | G83: 16 | H83: CpPwmDuty | I83: 0 | J83: 100 | K83: % | L83: Unsigned | N83: 1 | O83: 0
E84: 3 | F84: 24 | G84: 24 | H84: S2SwitchStatus | I84: 0 | J84: 1 | L84: Unsigned | M84: 0x0:OFF 0x1:ON | N84: 1 | O84: 0
A85: =A80+1 -> 33 | B85: 0x0504 | C85: EvccMacAddress | D85: 6 | P85: R | Q85: 01/03 | X85: EVCC | AA85: Y
E86: 0 | F86: 7 | G86: 40 | H86: MAC address | I86: 0 | J86: 0xFFFFFFFFFFFF | L86: Hex | N86: 1 | O86: 0
A87: =A85+1 -> 34 | B87: 0x0505 | C87: EvccReadCSRoemProv2 | P87: R | Q87: 01/03 | X87: EVCC | AA87: Y
H88: EvccReadCSRoemProv2 | L88: Unsigned | N88: 1 | O88: 0
A89: =A87+1 -> 35 | B89: 0x0506 | C89: EvccWriteCertificateoemProv2 | P89: R/W | Q89: 01/03 | T89: 03 | V89: 05 | X89: EVCC | AA89: Y
H90: EvccWriteCertificateoemProv2 | L90: Unsigned | N90: 1 | O90: 0
A91: =A89+1 -> 36 | B91: 0x0507 | C91: EvccReadCSRoemProv20 | P91: R | Q91: 01/03 | X91: EVCC | AA91: Y
H92: EvccReadCSRoemProv20 | L92: Unsigned | N92: 1 | O92: 0
A93: =A91+1 -> 37 | B93: 0x0508 | C93: EvccWriteCertificateoemProv20 | P93: R/W | Q93: 01/03 | T93: 03 | V93: 05 | X93: EVCC | AA93: Y
H94: EvccWriteCertificateoemProv20 | L94: Unsigned | N94: 1 | O94: 0
A95: =A93+1 -> 38 | B95: 0x0509 | C95: EvccReadCSRvehicleCert | P95: R | Q95: 01/03 | X95: EVCC | AA95: Y
H96: EvccReadCSRvehicleCert | L96: Unsigned | N96: 1 | O96: 0
A97: =A95+1 -> 39 | B97: 0x050A | C97: EvccWriteCertificatevehicleCert | P97: R/W | Q97: 01/03 | T97: 03 | V97: 05 | X97: EVCC | AA97: Y
H98: EvccWriteCertificatevehicleCert | L98: Unsigned | N98: 1 | O98: 0
A99: =A97+1 -> 40 | B99: 0x050B | C99: EvccSoftwareVersionSwitching | D99: 1 | P99: R/W | Q99: 01/03 | T99: 03 | V99: 01 | X99: EVCC | AA99: Y
E100: 0 | F100: 7 | G100: 0 | H100: EvccSoftwareVersionSwitching | I100: 0 | J100: 255 | L100: Unsigned | M100: 0x0:default 0x1:Gen1 0x2:Gen2 0x3:Test 0xFF:unused | N100: 1 | O100: 0
A101: =A99+1 -> 41 | B101: 0x050C | C101: EVSEType | D101: 1 | P101: R/W | Q101: 01/03 | T101: 03 | V101: 01 | X101: EVCC | AA101: Y
E102: 0 | F102: 7 | G102: 0 | H102: EvseType | I102: 0 | J102: 255 | L102: Unsigned | M102: 0x0:undefined 0x1:CCS1 0x2:CCS2 0xFF:unused | N102: 1 | O102: 0
...

Sheet 2FService
A1: Return | AM1: Unsigned | AO1: HexDecimal
A2: Diagnostic Questionnaire - I/O DID List | AM2: Hex | AO2: Decimal
AM3: BCD | AO3: Octal
AM4: ASCII | AO4: Binary
A5: Module I/O control test via InputOutputControlByIdentifier [$2F] | AM5: Singed
A6: NOTE 1: | B6: This section is reserved for Input output control commands ONLY.
A8: Num | B8: DID Num | C8: Command Description | D8: InputOutputControlParameter | E8: Generate 22 services | F8: Size (Bytes) | G8: Start Byte | H8: MSB bit (Motorola) | I8: LSB bit (Motorola) | J8: Sub Data Name | K8: Range, Min (Phy.) | L8: Range, Max (Phy.) | M8: Unit | N8: Data Type | O8: Discrete Value Description | P8: Factor | Q8: Offset | R8: Application Software Diagnostic Session | S8: Boot Software Diagnostic Session | T8: Security Level | U8: Comments / Information

Sheet 31Service
A1: Return | AM1: Unsigned | AO1: HexDecimal
A2: Diagnostic Questionnaire - RoutineControl DID List | AM2: Hex | AO2: Decimal
AM3: BCD | AO3: Octal
AM4: ASCII | AO4: Binary
A5: Module routine control test via RoutineControlByIdentifier [$31]: | AM5: Singed
A6: NOTE 1: | B6: This section is reserved for routine control commands ONLY.
A8: Num | B8: DID Num | C8: DID Description | D8: RoutineControlType | E8: Request and Reponse | F8: Size (Bytes) | G8: Start Byte | H8: MSB bit (Motorola) | I8: LSB bit (Motorola) | J8: Sub Data Name | K8: Range, Min (Phy.) | L8: Range, Max (Phy.) | M8: Unit | N8: Data Type | O8: Discrete Value Description | P8: Factor | Q8: Offset | R8: Application Software Diagnostic Session | S8: Boot Software Diagnostic Session | T8: Security Level | U8: Comments / Information | AA8: Functional Enable
A10: 1 | B10: 0x0204 | C10: IMU Sensor Calibration | D10: 01 | E10: Request | F10: 6 | R10: 03 | T10: 01 | U10: Input argument: 1. Boundary values for accelerometer and gyroscope (x, y, z) (w_x, w_y, w_z) - Default values are raw datas a. accelerometer (x, y, z) needs to be divided by 2000 to get the actual g value. b. gyroscope (w_x, w_y, w_z) needs to be divided by 50 to get the actual dps value. c. The avg. of 500 samples should be within the boundaries. d. Individual samples should be within the boundaries. Otherwise increment the error count per axis. 2. Maximum permissible error count in the measurement of a DOF. This parameter is shared by all DOFs. Default is 500 (0~500) | AA10: Y
G11: 0 | H11: 7 | I11: 8 | J11: Boundary for accel | K11: 0x00 | L11: 0xFFFF | M11: g | N11: Unsigned | P11: 0.001 | Q11: 0
G12: 2 | H12: 23 | I12: 24 | J12: Boundary for gyro | K12: 0x00 | L12: 0xFFFF | M12: deg/s | N12: Unsigned | P12: 0.001 | Q12: 0
G13: 4 | H13: 39 | I13: 40 | J13: Permissible error count | K13: 0x00 | L13: 0x1F4 | M13: - | N13: Unsigned | P13: 1 | Q13: 0
E14: Response | F14: 25
G15: 0 | H15: 7 | I15: 0 | J15: Routine Info | K15: 0x00 | L15: 0x01 | N15: Unsigned | O15: 0x00 : routine complete (calibration successful) 0x01 : calibration failed | P15: 1 | Q15: 0
G16: 1 | H16: 15 | I16: 32 | J16: Longitudinal Accel Offset x | M16: g | N16: Signed | P16: 0.0005 | Q16: 0 | U16: Reserved
G17: 5 | H17: 47 | I17: 64 | J17: Lateral Accel Offset y | M17: g | N17: Signed | P17: 0.0005 | Q17: 0
G18: 9 | H18: 79 | I18: 96 | J18: Vertical Accel Offset z | M18: g | N18: Signed | P18: 0.0005 | Q18: 0
G19: 13 | H19: 111 | I19: 128 | J19: Roll Offset w_x | M19: deg/s | N19: Signed | P19: 0.02 | Q19: 0
G20: 17 | H20: 143 | I20: 160 | J20: Pitch Offset w_y | M20: deg/s | N20: Signed | P20: 0.02 | Q20: 0
G21: 21 | H21: 175 | I21: 192 | J21: Yaw Offset w_z | M21: deg/s | N21: Signed | P21: 0.02 | Q21: 0
D22: 03 | E22: Request | F22: 0 | R22: 03 | T22: 01
E23: Response | F23: 25
G24: 0 | H24: 7 | I24: 0 | J24: Routine Info | K24: 0x00 | L24: 0x01 | N24: Unsigned | O24: 0x00 : routine complete (calibration successful) 0x01 : calibration failed | P24: 1 | Q24: 0
G25: 1 | H25: 15 | I25: 32 | J25: Longitudinal Accel Offset x | M25: g | N25: Signed | P25: 0.0005 | Q25: 0
G26: 5 | H26: 47 | I26: 64 | J26: Lateral Accel Offset y | M26: g | N26: Signed | P26: 0.0005 | Q26: 0
G27: 9 | H27: 79 | I27: 96 | J27: Vertical Accel Offset z | M27: g | N27: Signed | P27: 0.0005 | Q27: 0
G28: 13 | H28: 111 | I28: 128 | J28: Roll Offset w_x | M28: deg/s | N28: Signed | P28: 0.02 | Q28: 0
G29: 17 | H29: 143 | I29: 160 | J29: Pitch Offset w_y | M29: deg/s | N29: Signed | P29: 0.02 | Q29: 0
G30: 21 | H30: 175 | I30: 192 | J30: Yaw Offset w_z | M30: deg/s | N30: Signed | P30: 0.02 | Q30: 0
A31: 2 | B31: 0xDFFF | C31: Request vehicle power status | D31: 01 | E31: Request | F31: 1 | R31: 03 | T31: 03 | U31: Add by CAN Team https://foxtronev.atlassian.net/browse/FDC-4362 | AA31: Y
G32: 0 | H32: 7 | I32: 0 | J32: Routine Info | K32: 0x00 | L32: 0x03 | N32: Unsigned | O32: 0x00: Return control to vehicle (empty) 0x01: Request Vehicle Power Status to enter ON for 900s 0x02: Request Vehicle Power Status to enter OFF for 900s 0x03: Request Vehicle Power Status to enter Standby for 900s | P32: 1 | Q32: 0
E33: Response | F33: 0
D34: 03 | E34: Request | F34: 0 | R34: 03 | T34: 03
E35: Response | F35: 1
G36: 0 | H36: 7 | I36: 0 | J36: Routine Info | K36: 0x00 | L36: 0x03 | N36: Unsigned | O36: 0x00: Off 0x01: Off charging 0x02: Off after run 0x03: Standby 0x04: On 0x05: Ready | P36: 1 | Q36: 0
A37: 3 | B37: 0x0B0E | C37: TPMS Sensor ID register | D37: 01 | E37: Request | F37: 0 | R37: 03 | T37: 01 | AA37: Y
E38: Response | F38: 0
D39: 03 | E39: Request | F39: 0 | R39: 03 | T39: 01
E40: Response | F40: 2
G41: 0 | H41: 7 | I41: 0 | J41: Progress | K41: 0x0 | L41: 0x3 | N41: Unsigned | O41: 0x0:Wait For Start 0x1:Success 0x2:Progressing 0x3:Fail | P41: 1 | Q41: 0
G42: 1 | H42: 15 | I42: 8 | J42: Progressing Wheel | K42: 0x0 | L42: 0x3 | N42: Unsigned | O42: 0x0:Front Left Wheel 0x1:Front Right Wheel 0x2:Rear Right Wheel 0x3:Rear Left Wheel 0x4:Finish | P42: 1 | Q42: 0
A43: 4 | B43: 0x0205 | C43: ResetPedalZP | D43: 01 | E43: Request | F43: 0 | R43: 03 | T43: 03 | AA43: Y
E44: Response | F44: 0
A45: 5 | B45: 0xDFFE | C45: CAN data collection | D45: 01 | E45: Request | F45: 102 | J45: CAN data collection request | N45: Hex | R45: 03 | T45: 03 | U45: Add by CAN Team D31-FSYSRQ-10011 https://10.58.200.61/perspective.req?docId=552350&projectId=58 Jira ECR https://foxtronev.atlassian.net/browse/D31L24-362 | AA45: Y
G46: 0 | H46: 7 | I46: 0 | J46: Number of CAN IDs | N46: Hex | P46: 1 | Q46: 0 | U46: The number of collected CAN IDs. min 0x1 = 1 max 0x14 = 20
G47: 1 | H47: 15 | I47: 8 | J47: Time range | K47: 0x0 | L47: 0x3C | M47: sec | N47: Unsigned | P47: 1 | Q47: 0 | U47: The time range of the collected CAN data. max 0x3C=60 sec.
G48: 2 | H48: 23 | I48: 16 | J48: #1 Channel | N48: Unsigned | O48: 0x0:GDBC 0x1:CAN 1 0x2:CAN 2 0x3:CAN 3 0x4:CAN 4 0x5:CAN 5 0x6:CAN 6 0xFF:Invalid | P48: 1 | Q48: 0
G49: 3 | H49: 31 | I49: 48 | J49: #1 CAN ID | N49: Unsigned | P49: 1 | Q49: 0 | U49: 0xFFFFFFFF:Invalid ex: 0x00000116 = CAN ID 0x116 0x1801F456 = CAN ID 0x1801F456
G50: 7 | H50: 63 | I50: 56 | J50: #2 Channel | N50: Unsigned | O50: 0x0:GDBC 0x1:CAN 1 0x2:CAN 2 0x3:CAN 3 0x4:CAN 4 0x5:CAN 5 0x6:CAN 6 0xFF:Invalid | P50: 1 | Q50: 0
G51: 8 | H51: 71 | I51: 88 | J51: #2 CAN ID | N51: Unsigned | P51: 1 | Q51: 0 | U51: 0xFFFFFFFF:Invalid ex: 0x00000116 = CAN ID 0x116 0x1801F456 = CAN ID 0x1801F456
G52: 12 | H52: 103 | I52: 808 | J52: #3~#20 ID data | N52: Hex | P52: 1 | Q52: 0
E53: Response | F53: 0
D54: 02 | E54: Request | F54: 0 | R54: 03 | T54: 03
E55: Response | F55: 0
D56: 03 | E56: Request | F56: 0 | R56: 03 | T56: 03
E57: Response | J57: CAN data collection result | N57: Hex | U57: json format
A58: 6 | B58: 0x0F01 | C58: Switch M-core to DKC_UDS mode. | D58: 01 | E58: Request | F58: 1 | R58: 03 | T58: 01 | U58: This routine transitions the M-core into DKC_UDS mode, allowing users initiateoperations releated to DKC. | AA58: Y
G59: 0 | H59: 7 | I59: 0 | J59: Switch DKC_UDS mode | K59: 0x00 | L59: 0x09 | N59: Unsigned | O59: 0x00:DKC_NORMAL_MODE 0x01:DKC_ISP_MODE 0x02:DKC_NFC_UDS_MODE 0x03:DKC_UID_UDS_MODE 0x04:DKC_UWB_SWUP_MODE 0x05:DKC_NFC_OTA_MODE 0x06:DKC_ANCHOR_1_OTA_MODE 0x07:DKC_ANCHOR_2_OTA_MODE 0x08:DKC_ANCHOR_3_OTA_MODE 0x09:DKC_ANCHOR_4_OTA_MODE | P59: 1 | Q59: 0
E60: Response | F60: 0
D61: 02 | E61: Request | F61: 0
E62: Response | F62: 0
A63: 7 | B63: 0x0F02 | C63: Initialize and generate a new DKC key for NFC card. | D63: 01 | E63: Request | F63: 0 | R63: 03 | T63: 01 | U63: This routine transitions the KW45 into LidA mode, allowing users to tap an NFCcard to initialize and register it. | AA63: Y
E64: Response | F64: 0
D65: 03 | E65: Request | F65: 0 | R65: 03 | T65: 01
E66: Response | F66: 40
G67: 0 | H67: 7 | I67: 0 | J67: Pairing state | K67: 0x01 | L67: 0x03 | N67: Unsigned | O67: 0x01 : success 0x02 : progressing 0x03 : failed | P67: 1 | Q67: 0
G68: 1 | H68: 15 | I68: 56 | J68: NFC card uniqueidentifier (7 bytes) | N68: Unsigned | P68: 1 | Q68: 0
G69: 8 | H69: 71 | I69: 184 | J69: NFC card random keyA (16 bytes) | N69: Hex | P69: 1 | Q69: 0
G70: 24 | H70: 199 | I70: 312 | J70: NFC card randomkey B (16 bytes) | N70: Hex | P70: 1 | Q70: 0
A71: 8 | B71: 0x0F03 | C71: Request Device CSR | D71: 01 | E71: Request | F71: 2385 | R71: 03 | T71: 01 | U71: This routine transfers the CCC certificate to the KW45 and retrieves the deviceCSR. The CSR is then sent to the PKI server for signing. | AA71: Y
G72: 0 | H72: 7 | I72: 48 | J72: Key fob uniqueidentifier (7 bytes) | N72: Unsigned | P72: 1 | Q72: 0
G73: 7 | H73: 63 | I73: 19072 | J73: CCC certificate(2378 bytes) | N73: Hex | P73: 1 | Q73: 0 | U73: See Note CCCcertificate
E74: Response | F74: 0
D75: 03 | E75: Request | F75: 0 | R75: 03 | T75: 01
E76: Response | F76: 516
G77: 0 | H77: 7 | I77: 0 | J77: Pairing state | K77: 0x01 | L77: 0x03 | N77: Unsigned | O77: 0x01 : success 0x02 : progressing 0x03 : failed | P77: 1 | Q77: 0
G78: 1 | H78: 15 | I78: 4120 | J78: Device CSR (515bytes) | N78: Hex | P78: 1 | Q78: 0 | U78: See Note Device CSR
A79: 9 | B79: 0x0F04 | C79: Key fob pairing. | D79: 01 | E79: Request | F79: 515 | G79: 0 | R79: 03 | T79: 01 | U79: See Note Device CA | AA79: Y
G80: 0 | H80: 7 | I80: 4112 | J80: Device CA (515bytes) | N80: Hex | P80: 1 | Q80: 0
E81: Response | F81: 0
D82: 03 | E82: Request | F82: 0 | R82: 03 | T82: 01
E83: Response | F83: 1
G84: 0 | H84: 7 | I84: 0 | J84: Pairing state | K84: 0x01 | L84: 0x03 | N84: Unsigned | O84: 0x01 : success 0x02 : progressing 0x03 : failed | P84: 1 | Q84: 0

Sheet 23_3DService
A1: Return | AK1: Unsigned | AM1: HexDecimal
A2: Diagnostic Questionnaire - Read/Write Memory By Address (23/3D) service | AK2: Hex | AM2: Decimal
AK3: BCD | AM3: Octal
AK4: ASCII | AM4: Binary
A5: Module Identificaion read via ReadDataByAddress [$23] or write via WriteDataByAddress [$3D]: | AK5: Singed
A6: NOTE 1: | B6: This section is reserved for data of address ONLY.
A7: Common DIDs: Information is provided for module identification
A8: Num | B8: Description | C8: R/W Mode | D8: Size (Bytes) | E8: Start Byte | F8: MSB bit (Motorola) | G8: LSB bit (Motorola) | H8: Sub Data Name | I8: Range, Min (Phy.) | J8: Range, Max (Phy.) | K8: Unit | L8: Data Type | M8: Discrete Value Description | N8: Factor | O8: Offset | P8: Application Software Diagnostic Session | Q8: Boot Software Diagnostic Session | R8: Security Level | S8: Comments / Information
A10: 1 | B10: Example_Read And Write 5 Bytes | C10: R/W | D10: 9
E11: 0 | F11: 7 | G11: 0 | H11: Address And Length Format | I11: 12 | J11: 12 | L11: Unsigned | N11: 1 | O11: 0
E12: 1 | F12: 15 | G12: 16 | H12: Memory Address | L12: Unsigned | N12: 1 | O12: 0
E13: 3 | F13: 31 | G13: 24 | H13: Memory Size | I13: 5 | J13: 5 | L13: Unsigned | N13: 1 | O13: 0
E14: 4 | F14: 39 | G14: 32 | H14: Code Num | L14: Unsigned | N14: 1 | O14: 0
E15: 5 | F15: 47 | G15: 64 | H15: Record | L15: Unsigned | N15: 1 | O15: 0
A16: 2 | B16: Example_Read And Write Dynamic Bytes | C16: R/W | D16: 5
E17: 0 | F17: 7 | G17: 0 | H17: Address And Length Format | I17: 22 | J17: 22 | L17: Unsigned | N17: 1 | O17: 0
E18: 1 | F18: 15 | G18: 16 | H18: Memory Address | L18: Unsigned | N18: 1 | O18: 0
E19: 3 | F19: 31 | G19: 24 | H19: Memory Size | L19: Unsigned | N19: 1 | O19: 0

Sheet 2AService
A1: Return | AK1: Unsigned | AM1: HexDecimal
A2: Diagnostic Questionnaire - PeriodicI DID List | AK2: Hex | AM2: Decimal
AK3: BCD | AM3: Octal
AK4: ASCII | AM4: Binary
A5: Module Identificaion read via ReadDataByIdentifier [$2A] | AK5: Singed
A6: NOTE 1: | B6: This section is reserved for Module stored or dynamic data . And most of these datas are stored in EEPROM 、Flash or RAM.
A7: Common DIDs: Information is provided for module identification
A8: Num | B8: DID Num | C8: DID Description | D8: Size (Bytes) | E8: Start Byte | F8: MSB bit (Motorola) | G8: LSB bit (Motorola) | H8: Sub Data Name | I8: Range, Min (Phy.) | J8: Range, Max (Phy.) | K8: Unit | L8: Data Type | M8: Discrete Value Description | N8: Factor | O8: Offset | P8: Comments / Information
A10: 1 | B10: 0xE3 | C10: Example_DID F2E3 | D10: 3
E11: 0 | F11: 7 | G11: 0 | H11: TP | L11: Unsigned | N11: 1 | O11: 0
E12: 1 | F12: 15 | G12: 8 | H12: RPM | L12: Unsigned | N12: 1 | O12: 0
E13: 2 | F13: 23 | G13: 16 | H13: VSS | L13: Unsigned | N13: 1 | O13: 0
A14: 2 | B14: 0xF224 | C14: Example_DID F224 | D14: 2
E15: 0 | F15: 7 | G15: 0 | H15: MAP | L15: Unsigned | N15: 1 | O15: 0
E16: 1 | F16: 15 | G16: 8 | H16: MAF | L16: Unsigned | N16: 1 | O16: 0

Sheet Bootloader
A1: 1. Please provide example log with burning file(Srec) for Bootloader develop. 2. The total programming time must not exceed 300 seconds.

Sheet EOL
A1: Please provide example log with burning file for EOL develop. Range of EOL:The required function settings from vehicle completion to delivery to the customer.
B3: Example_Steering angle calibration
B4: Step | C4: Diagnostic tester display information | D4: UDS command | E4: Instruction description
B5: 1 | C5: Please make sure the vehicle is in horizontal plane and completely stop.
B6: 2 | C6: Request… | D6: request:10 03 | E6: ECU enters Extended Session
D7: positive response:50 03
D8: request:27 01 | E8: Request SA Level1 Seed
D9: positive response: 67 01 XX XX XX XX
D10: request:27 02 XX XX XX XX | E10: Send SA Level1 Key
D11: positive response: ($621) 67 02
B12: 3 | C12: Steering Angle Senesor Calibration in Progress. | D12: request:31 01 XX XX
D13: positve response:71 01 XX XX
B14: 4 | C14: Clear DTC. | D14: request :14 FF FF FF
B15: 5 | C15: Finish
B20: 寫入車型碼與車身碼
B21: 步驟 | C21: 使用者操作 | D21: 診斷器提示 | E21: 指令 | H21: 說明
B22: 1 | C22: 掃描車輛識別號碼 | D22: 請掃描 VIN CODE
B23: 2 | C23: 掃描車型碼 | D23: 請掃描 Model CODE
B24: 3 | C24: 按下OK後，診斷器開始發送指令 | D24: 寫入執行中 … | E24: REQ | F24: 0x680 | G24: 10 03 | H24: ECU進入Extended Session
E25: POS RSP | F25: 0x600 | G25: 50 03
B26: 4 | E26: REQ | F26: 0x680 | G26: 27 01 | H26: 請求Security Seed
E27: POS RSP | F27: 0x600 | G27: 67 01 01 02 03 04
B28: 5 | E28: REQ | F28: 0x680 | G28: 27 02 YY YY YY YY | H28: 發送 Security Key
E29: POS RSP | F29: 0x600 | G29: 67 02
B30: 6 | E30: REQ | F30: 0x680 | G30: 2E F1 90 D0 D1 … D16 | H30: 寫入 VIN CODE
E31: POS RSP | F31: 0x600 | G31: 6E F1 90 | H31: 寫入成功，或寫入失敗 (寫入失敗程序跳到步驟 10)
B32: 7 | E32: REQ | F32: 0x680 | G32: 2E F0 90 D0 D1 … D21 | H32: 寫入 MODEL CODE
E33: POS RSP | F33: 0x600 | G33: 6E F0 90 | H33: 寫入成功，或寫入失敗 (寫入失敗程序跳到步驟 10)
B34: 8 | E34: REQ | F34: 0x680 | G34: 22 F1 90 | H34: 讀取 VIN CODE
E35: POS RSP | F35: 0x600 | G35: 62 F1 90 D0 D1 … D16 | H35: 讀取 VIN CODE 進行比對 (比對失敗程序跳到步驟 10)
B36: 9 | E36: REQ | F36: 0x680 | G36: 22 F0 90 | H36: 讀取 Mdel CODE
E37: POS RSP | F37: 0x600 | G37: 62 F0 90 D0 D1 … D21 | H37: 讀取 Model CODE 進行比對
B38: 10 | E38: REQ | F38: 0x680 | G38: 10 01 | H38: ECU離開Extended Session
E39: POS RSP | F39: 0x600 | G39: 50 01
B40: 11 | D40: 顯示成功或失敗
B44: APS 設定
B45: 步驟 | C45: 使用者操作 | D45: 診斷器提示 | E45: 指令 | H45: 說明 | J45: 車型 | K45: D31L 5人座 | L45: D31L 5人座 | M45: D31L [5+2]人座 | N45: D31L [5+2]人座
B46: 1 | C46: 掃描車輛識別號碼 (配置數據請參考表格 J20 : N28) | D46: 車輛 USS 配置模式 | J46: Grade | K46: M/L | L46: H/L | M46: M/L | N46: H/L
B47: 2 | C47: 按下OK後，診斷器開始發送指令 | D47: 切換擴展模式 | E47: REQ | F47: 0x680 | G47: 10 03 | H47: 進入 Extended Session | J47: Model Code | K47: D31MMPC L11A | L47: D31MHPC L11B | M47: D31MMPC L11C | N47: D31MHPC L11D
E48: POS RSP | F48: 0x600 | G48: 50 03 | J48: 輪胎尺寸 與對應指令 | K48: 225/55R18 | L48: 225/55R18 | M48: 225/55R18 | N48: 225/55R18
D49: 請求解鎖 | E49: REQ | F49: 0x680 | G49: 27 01 | H49: 請求Security Seed | K49: ($680)2E 09 02 E1 37 12 FF FF FF FF FF FF FF FF FF FF FF FF FF | L49: ($680)2E 09 02 E1 37 12 FF FF FF FF FF FF FF FF FF FF FF FF FF | M49: ($680)2E 09 02 E1 37 12 FF FF FF FF FF FF FF FF FF FF FF FF FF | N49: ($680)2E 09 02 E1 37 12 FF FF FF FF FF FF FF FF FF FF FF FF FF
E50: POS RSP | F50: 0x600 | G50: 67 01 01 02 03 04 | J50: 警示雷達配置 與對應指令 | K50: 前2/後2 | L50: 前6/後6 (APS) | M50: 前2/後2 | N50: 前6/後6 (APS)
D51: 正常解鎖 | E51: REQ | F51: 0x680 | G51: 27 02 YY YY YY YY | H51: 發送 Security Key | K51: ($680)2E 09 01 01 00 00 01 00 01 01 00 00 00 00 00 FF FF FF FF | L51: ($680)2E 09 01 01 01 01 01 01 01 01 01 01 01 01 01 FF FF FF FF | M51: ($680)2E 09 01 01 00 00 01 00 01 01 00 00 00 00 00 FF FF FF FF | N51: ($680)2E 09 01 01 01 01 01 01 01 01 01 01 01 01 01 FF FF FF FF
E52: POS RSP | F52: 0x600 | G52: 67 02 | J52: CAAS/SPTG啟閉 對應指令 | K52: 功能關閉 | L52: 功能開啟 | M52: 功能關閉 | N52: 功能開啟
D53: 寫入 USS 配置中 | E53: REQ | F53: 0x680 | G53: 2E 09 01 D0 D1 … D15 EX : F2R2的配置 2E 09 01 01 00 00 01 00 01 01 00 00 00 00 00 FF FF FF FF EX：APS的配置 2E 09 01 01 01 01 01 01 01 01 01 01 01 01 01 FF FF FF FF | H53: 寫入 USS 配置 | K53: ($680)2E 09 03 00 00 FF FF FF FF FF FF FF FF FF FF FF FF FF FF | L53: ($680)2E 09 03 01 01 FF FF FF FF FF FF FF FF FF FF FF FF FF FF | M53: ($680)2E 09 03 00 00 FF FF FF FF FF FF FF FF FF FF FF FF FF FF | N53: ($680)2E 09 03 01 01 FF FF FF FF FF FF FF FF FF FF FF FF FF FF
E54: POS RSP | F54: 0x600 | G54: 6E 09 01
D55: 回讀 USS 配置 OK | E55: REQ | F55: 0x680 | G55: 22 09 01 | H55: 回讀 USS 配置
E56: POS RSP | F56: 0x600 | G56: 62 09 01 D0 D1 … D15 EX : F2R2的配置 62 09 01 01 00 00 01 00 01 01 00 00 00 00 00 FF FF FF FF EX：APS的配置 2E 09 01 01 01 01 01 01 01 01 01 01 01 01 01 FF FF FF FF
D57: 寫入 輪胎 配置中 | E57: REQ | F57: 0x680 | G57: 2E 09 02 D0 D1 … D15 EX : 225/55 R18的配置 2E 09 02 E1 37 12 FF FF FF FF FF FF FF FF FF FF FF FF FF | H57: 寫入 輪胎 規格
E58: POS RSP | F58: 0x600 | G58: 6E 09 02
D59: 回讀 輪胎 配置 OK | E59: REQ | F59: 0x680 | G59: 22 09 02 | H59: 回讀 輪胎 規格
E60: POS RSP | F60: 0x600 | G60: 62 09 02 D0 D1 … D15 EX : 輪胎規格 225/55 R18 62 09 02 E1 37 12 FF FF FF FF FF FF FF FF FF FF FF FF FF
D61: 寫入 功能 配置中 | E61: REQ | F61: 0x680 | G61: 2E 09 03 D0 D1 … D15 EX : CAAS ON & SPTG ON 2E 09 03 01 01 FF FF FF FF FF FF FF FF FF FF FF FF FF FF | H61: 寫入 功能 配置
E62: POS RSP | F62: 0x600 | G62: 6E 09 03
D63: 回讀 功能 配置 OK | E63: REQ | F63: 0x680 | G63: 22 09 03 | H63: 回讀 功能 配置
E64: POS RSP | F64: 0x600 | G64: 62 09 03 D0 D1 … D15 EX : CAAS ON & SPTG ON 62 09 03 01 01 FF FF FF FF FF FF FF FF FF FF FF FF FF FF
B89: VCU XWD Mode
B90: 步驟 | C90: 診斷器提示 | D90: 指令 | E90: 說明
B91: 1 | C91: 前置作業： 低壓電源、低壓電瓶電壓保持12伏以上、非充電狀態、檔位處於N檔 Precondition: IGN ON, battery is 12V, non-charging, N range.
B92: 2 | C92: 請選擇傳動系統式樣 Please select powertrain type. | D92: Tester: 10 03 | E92: Tester send request to enter extended diagnostic session
D93: Tester: 3E 00 (1 sent cycle is 3sec) | E93: Tester keep sending Test Present
D94: ECU: 50 03 00 32 01 F4 | E94: if postive response
D95: ECU: 7F 10 XX (refer to NRC) | E95: if negative response
D96: Tester: 27 01 | E96: SecurityAccess Request seed
D97: ECU: 67 01 XX YY ZZ | E97: response seed
D98: Tester: 27 02 AA BB CC | E98: SecurityAccess sent KEY
D99: ECU: 67 02 (go to next step) | E99: if postive response
D100: ECU: 7F 27 xx (refer to NRC) | E100: if negative response
B101: 3 | C101: 式樣寫入中。。。 Writing… | D101: Tester: 2E 02 01 XX (00h=RWD, 01h=FWD, 02h=AWD) | E101: sent function requierment
D102: ECU: 6E 02 01 | E102: if postive response
D103: ECU: 7F 2E XX (refer to NRC) | E103: if negative response
B104: 4 | C104: 請確認式樣寫入結果 Please confirm if data writing is successful. | D104: 22 02 01 | E104: check result
D105: 62 02 01 XX (00h=RWD, 01h=FWD, 02h=AWD) | E105: if postive response
D106: 7F 22 XX (refer to NRC) | E106: if negative response
B107: 5 | C107: 完成 Finish
B110: DoIP Fusion diagnostic write certificate
B111: Steps | C111: command | E111: description
B112: Enter Customize Session | C112: Request: | D112: 10 03 | E112: ECU enter extended session
C113: Positive Response: | D113: 50 03 00 32 01 F4
